CO,CDS,DISTRICT,EDP 365,Current Expense ADA,Current Expense per ADA,LEA Type
01,61119,Alameda Unified,"108,302,935","9,066.4","11,946",Unified                  
01,61127,Albany City Unified,"45,683,532","3,537.4","12,914",Unified                  
01,61143,Berkeley Unified,"144,637,240","9,345.8","15,476",Unified                  
01,61150,Castro Valley Unified,"92,677,106","8,951.2","10,354",Unified                  
01,61168,Emery Unified,"11,468,178",646.0,"17,754",Unified                  
01,61176,Fremont Unified,"361,573,564","34,247.1","10,558",Unified                  
01,61192,Hayward Unified,"249,986,063","19,355.4","12,916",Unified                  
01,61200,Livermore Valley Joint Unified,"144,176,237","13,242.9","10,887",Unified                  
01,61218,Mountain House Elementary,"513,922",18.0,"28,504",Elementary               
01,61234,Newark Unified,"62,368,434","5,691.3","10,959",Unified                  
01,61242,New Haven Unified,"128,926,540","11,057.2","11,660",Unified                  
01,61259,Oakland Unified,"504,800,324","34,840.9","14,489",Unified                  
01,61275,Piedmont City Unified,"39,778,549","2,552.1","15,587",Unified                  
01,61291,San Leandro Unified,"96,694,614","8,436.1","11,462",Unified                  
01,61309,San Lorenzo Unified,"120,682,601","9,938.5","12,143",Unified                  
01,75093,Dublin Unified,"107,678,950","11,044.6","9,749",Unified                  
01,75101,Pleasanton Unified,"152,605,107","14,415.2","10,586",Unified                  
01,75119,Sunol Glen Unified,"3,325,342",284.0,"11,710",Unified                  
02,61333,Alpine County Unified,"2,555,303",73.7,"34,681",Unified                  
03,73981,Amador County Unified,"33,806,573","3,732.1","9,058",Unified                  
04,61382,Bangor Union Elementary,"1,171,871",75.0,"15,631",Elementary               
04,61408,Biggs Unified,"6,736,971",586.6,"11,485",Unified                  
04,61424,Chico Unified,"130,799,476","11,614.4","11,262",Unified                  
04,61432,Durham Unified,"10,113,069",968.4,"10,443",Unified                  
04,61440,Feather Falls Union Elementary,"382,718",11.0,"34,856",Elementary               
04,61457,Golden Feather Union Elementary,"1,477,760",58.9,"25,098",Elementary               
04,61499,Manzanita Elementary,"2,710,231",284.2,"9,536",Elementary               
04,61507,Oroville City Elementary,"27,294,027","2,228.9","12,245",Elementary               
04,61515,Oroville Union High,"24,746,702","1,941.4","12,747",High                     
04,61523,Palermo Union Elementary,"13,828,742","1,201.7","11,507",Elementary               
04,61531,Paradise Unified,"36,369,662","3,229.4","11,262",Unified                  
04,61549,Thermalito Union Elementary,"15,992,469","1,452.3","11,012",Elementary               
04,73379,Pioneer Union Elementary,"859,169",52.2,"16,472",Elementary               
04,75507,Gridley Unified,"20,497,499","1,933.3","10,603",Unified                  
05,61556,Bret Harte Union High,"10,510,411",621.9,"16,902",High                     
05,61564,Calaveras Unified,"30,556,709","2,667.7","11,454",Unified                  
05,61572,Mark Twain Union Elementary,"8,180,893",771.2,"10,607",Elementary               
05,61580,Vallecito Union Elementary,"7,146,396",550.7,"12,977",Elementary               
06,61598,Colusa Unified,"14,552,036","1,416.8","10,271",Unified                  
06,61606,Maxwell Unified,"3,691,921",315.6,"11,698",Unified                  
06,61614,Pierce Joint Unified,"14,251,191","1,416.9","10,058",Unified                  
06,61622,Williams Unified,"14,591,370","1,248.9","11,683",Unified                  
07,61630,Acalanes Union High,"74,213,974","5,404.7","13,731",High                     
07,61648,Antioch Unified,"189,826,404","15,718.3","12,077",Unified                  
07,61655,Brentwood Union Elementary,"89,247,088","8,798.6","10,143",Elementary               
07,61663,Byron Union Elementary,"17,887,005","1,506.0","11,877",Elementary               
07,61671,Canyon Elementary,"990,803",67.7,"14,635",Elementary               
07,61697,John Swett Unified,"17,807,508","1,419.4","12,546",Unified                  
07,61705,Knightsen Elementary,"5,800,857",580.3,"9,996",Elementary               
07,61713,Lafayette Elementary,"42,107,917","3,470.6","12,133",Elementary               
07,61721,Liberty Union High,"82,962,944","7,746.9","10,709",High                     
07,61739,Martinez Unified,"42,215,022","3,982.5","10,600",Unified                  
07,61747,Moraga Elementary,"21,683,956","1,795.4","12,078",Elementary               
07,61754,Mt. Diablo Unified,"366,514,703","29,707.5","12,337",Unified                  
07,61762,Oakley Union Elementary,"49,916,283","4,981.5","10,020",Elementary               
07,61770,Orinda Union Elementary,"30,908,455","2,466.5","12,532",Elementary               
07,61788,Pittsburg Unified,"133,625,755","10,863.8","12,300",Unified                  
07,61796,West Contra Costa Unified,"343,879,508","26,808.6","12,827",Unified                  
07,61804,San Ramon Valley Unified,"328,841,411","31,428.3","10,463",Unified                  
07,61812,Walnut Creek Elementary,"38,563,397","3,471.1","11,110",Elementary               
08,61820,Del Norte County Unified,"40,373,281","3,366.5","11,993",Unified                  
09,61838,Buckeye Union Elementary,"43,220,548","4,581.3","9,434",Elementary               
09,61846,Camino Union Elementary,"4,268,671",374.3,"11,405",Elementary               
09,61853,El Dorado Union High,"71,521,973","6,273.1","11,401",High                     
09,61879,Gold Oak Union Elementary,"4,333,336",447.9,"9,674",Elementary               
09,61887,Gold Trail Union Elementary,"6,158,649",675.9,"9,112",Elementary               
09,61895,Indian Diggings Elementary,"254,018",19.8,"12,836",Elementary               
09,61903,Lake Tahoe Unified,"44,579,280","3,595.4","12,399",Unified                  
09,61911,Latrobe Elementary,"2,054,406",131.5,"15,625",Elementary               
09,61929,Mother Lode Union Elementary,"10,313,519",991.2,"10,406",Elementary               
09,61945,Pioneer Union Elementary,"3,111,016",292.4,"10,640",Elementary               
09,61952,Placerville Union Elementary,"12,226,244","1,216.9","10,047",Elementary               
09,61960,Pollock Pines Elementary,"6,802,543",652.3,"10,429",Elementary               
09,61978,Rescue Union Elementary,"34,110,858","3,531.7","9,658",Elementary               
09,61986,Silver Fork Elementary,"404,892",7.9,"51,382",Elementary               
09,73783,Black Oak Mine Unified,"10,609,128",992.7,"10,687",Unified                  
10,61994,Alvina Elementary,"2,014,600",179.0,"11,257",Elementary               
10,62026,Big Creek Elementary,"1,120,083",51.4,"21,775",Elementary               
10,62042,Burrel Union Elementary,"1,546,281",115.0,"13,448",Elementary               
10,62109,Clay Joint Elementary,"2,303,721",246.3,"9,354",Elementary               
10,62117,Clovis Unified,"424,999,863","40,856.9","10,402",Unified                  
10,62125,Coalinga-Huron Unified,"51,702,419","4,194.2","12,327",Unified                  
10,62158,Fowler Unified,"28,644,859","2,498.9","11,463",Unified                  
10,62166,Fresno Unified,"865,445,277","66,400.9","13,034",Unified                  
10,62240,Kingsburg Elementary Charter,"20,372,263","2,225.2","9,155",Elementary               
10,62257,Kingsburg Joint Union High,"12,954,620","1,098.4","11,794",High                     
10,62265,Kings Canyon Joint Unified,"109,835,091","9,181.4","11,963",Unified                  
10,62281,Laton Joint Unified,"8,870,089",658.7,"13,467",Unified                  
10,62323,Monroe Elementary,"2,368,842",160.0,"14,807",Elementary               
10,62331,Orange Center Elementary,"3,970,759",287.9,"13,790",Elementary               
10,62356,Pacific Union Elementary,"4,333,936",366.9,"11,811",Elementary               
10,62364,Parlier Unified,"40,881,944","3,265.3","12,520",Unified                  
10,62372,Pine Ridge Elementary,"2,151,376",91.3,"23,553",Elementary               
10,62380,Raisin City Elementary,"3,420,528",282.4,"12,114",Elementary               
10,62414,Sanger Unified,"115,196,125","10,132.9","11,369",Unified                  
10,62430,Selma Unified,"76,327,679","6,139.5","12,432",Unified                  
10,62513,Washington Colony Elementary,"4,506,894",416.3,"10,827",Elementary               
10,62539,West Park Elementary,"4,005,819",373.5,"10,724",Elementary               
10,62547,Westside Elementary,"3,042,678",205.8,"14,786",Elementary               
10,73809,Firebaugh-Las Deltas Unified,"27,694,504","2,179.8","12,705",Unified                  
10,73965,Central Unified,"161,722,109","15,004.6","10,778",Unified                  
10,73999,Kerman Unified,"51,323,155","4,926.8","10,417",Unified                  
10,75127,Mendota Unified,"33,159,964","3,246.7","10,213",Unified                  
10,75234,Golden Plains Unified,"22,723,900","1,593.7","14,258",Unified                  
10,75275,Sierra Unified,"15,966,163","1,200.8","13,297",Unified                  
10,75408,Riverdale Joint Unified,"19,103,901","1,532.8","12,464",Unified                  
10,75598,Caruthers Unified,"16,839,657","1,388.3","12,130",Unified                  
10,76778,Washington Unified,"33,294,087","2,438.6","13,653",Unified                  
11,62554,Capay Joint Union Elementary,"1,742,686",181.4,"9,606",Elementary               
11,62596,Lake Elementary,"1,585,838",176.4,"8,988",Elementary               
11,62638,Plaza Elementary,"1,617,799",198.1,"8,165",Elementary               
11,62646,Princeton Joint Unified,"2,291,073",155.2,"14,763",Unified                  
11,62653,Stony Creek Joint Unified,"1,840,411",75.5,"24,373",Unified                  
11,62661,Willows Unified,"13,007,961","1,372.5","9,478",Unified                  
11,75481,Orland Joint Unified,"22,937,549","2,122.1","10,809",Unified                  
11,76562,Hamilton Unified,"7,471,979",677.5,"11,028",Unified                  
12,62679,Arcata Elementary,"6,246,762",485.3,"12,871",Elementary               
12,62687,Northern Humboldt Union High,"18,874,310","1,382.8","13,649",High                     
12,62695,Big Lagoon Union Elementary,"653,169",13.8,"47,434",Elementary               
12,62703,Blue Lake Union Elementary,"1,982,585",172.2,"11,512",Elementary               
12,62729,Bridgeville Elementary,"535,048",24.6,"21,732",Elementary               
12,62737,Cuddeback Union Elementary,"1,456,505",134.7,"10,815",Elementary               
12,62745,Cutten Elementary,"5,450,334",575.3,"9,474",Elementary               
12,62794,Fieldbrook Elementary,"1,486,052",141.4,"10,507",Elementary               
12,62810,Fortuna Union High,"12,517,768",986.8,"12,685",High                     
12,62828,Freshwater Elementary,"3,090,443",288.3,"10,720",Elementary               
12,62836,Garfield Elementary,"736,272",57.8,"12,745",Elementary               
12,62851,Green Point Elementary,"304,528",12.5,"24,421",Elementary               
12,62885,Hydesville Elementary,"1,716,586",181.5,"9,458",Elementary               
12,62893,Jacoby Creek Elementary,"4,061,420",446.7,"9,091",Elementary               
12,62901,Klamath-Trinity Joint Unified,"17,773,735",908.7,"19,559",Unified                  
12,62919,Kneeland Elementary,"404,942",16.3,"24,797",Elementary               
12,62927,Loleta Union Elementary,"1,606,175",93.7,"17,134",Elementary               
12,62935,Maple Creek Elementary,"314,816",6.9,"45,891",Elementary               
12,62950,Mckinleyville Union Elementary,"11,385,043","1,084.8","10,495",Elementary               
12,62968,Orick Elementary,"519,516",16.0,"32,470",Elementary               
12,62976,Pacific Union Elementary,"5,297,560",520.9,"10,170",Elementary               
12,62984,Peninsula Union Elementary,"586,473",33.6,"17,455",Elementary               
12,63008,Rio Dell Elementary,"3,417,030",307.9,"11,099",Elementary               
12,63024,Scotia Union Elementary,"2,082,831",185.9,"11,205",Elementary               
12,63032,South Bay Union Elementary,"4,387,788",403.0,"10,889",Elementary               
12,63040,Southern Humboldt Joint Unified,"9,171,522",687.0,"13,349",Unified                  
12,63057,Trinidad Union Elementary,"2,075,993",186.5,"11,131",Elementary               
12,75374,Ferndale Unified,"6,159,214",473.8,"12,999",Unified                  
12,75382,Mattole Unified,"1,248,728",48.3,"25,875",Unified                  
12,75515,Eureka City Unified,"40,040,210","3,454.3","11,591",Unified                  
12,76802,Fortuna Elementary,"12,123,913","1,062.7","11,409",Elementary               
13,63073,Brawley Elementary,"43,939,993","3,781.5","11,620",Elementary               
13,63081,Brawley Union High,"22,271,328","1,757.0","12,676",High                     
13,63099,Calexico Unified,"103,545,070","8,763.2","11,816",Unified                  
13,63107,Calipatria Unified,"14,695,227","1,118.9","13,134",Unified                  
13,63115,Central Union High,"46,981,609","3,979.2","11,807",High                     
13,63123,El Centro Elementary,"58,274,337","4,723.2","12,338",Elementary               
13,63131,Heber Elementary,"13,551,461","1,160.5","11,677",Elementary               
13,63149,Holtville Unified,"18,447,405","1,501.4","12,287",Unified                  
13,63164,Imperial Unified,"40,922,429","4,047.6","10,110",Unified                  
13,63172,Magnolia Union Elementary,"1,395,763",137.5,"10,152",Elementary               
13,63180,Mccabe Union Elementary,"12,451,470","1,337.1","9,313",Elementary               
13,63198,Meadows Union Elementary,"5,635,211",482.9,"11,670",Elementary               
13,63206,Mulberry Elementary,"866,893",77.7,"11,161",Elementary               
13,63214,San Pasqual Valley Unified,"13,908,502",654.1,"21,265",Unified                  
13,63222,Seeley Union Elementary,"4,016,936",347.0,"11,577",Elementary               
13,63230,Westmorland Union Elementary,"4,518,222",354.6,"12,743",Elementary               
14,63248,Big Pine Unified,"3,449,161",137.4,"25,101",Unified                  
14,63271,Death Valley Unified,"1,285,984",27.5,"46,831",Unified                  
14,63289,Lone Pine Unified,"4,968,034",281.8,"17,629",Unified                  
14,63297,Owens Valley Unified,"2,064,971",83.2,"24,828",Unified                  
14,63305,Round Valley Joint Elementary,"1,508,094",134.0,"11,256",Elementary               
14,76687,Bishop Unified,"20,968,529","1,823.9","11,497",Unified                  
15,63313,Arvin Union Elementary,"34,716,587","2,957.5","11,739",Elementary               
15,63321,Bakersfield City Elementary,"376,980,658","29,181.9","12,918",Elementary               
15,63339,Beardsley Elementary,"18,807,055","1,775.3","10,594",Elementary               
15,63347,Belridge Elementary,"1,032,721",43.0,"23,994",Elementary               
15,63354,Blake Elementary,"190,521",12.3,"15,515",Elementary               
15,63362,Panama-Buena Vista Union Elementary,"183,479,572","17,538.7","10,461",Elementary               
15,63370,Buttonwillow Union Elementary,"4,332,299",329.8,"13,137",Elementary               
15,63388,Caliente Union Elementary,"695,604",44.4,"15,667",Elementary               
15,63404,Delano Union Elementary,"69,422,987","5,246.5","13,232",Elementary               
15,63412,Delano Joint Union High,"53,911,865","4,067.2","13,255",High                     
15,63420,Di Giorgio Elementary,"2,328,301",204.8,"11,370",Elementary               
15,63438,Edison Elementary,"11,559,899","1,009.0","11,457",Elementary               
15,63446,Elk Hills Elementary,"1,779,048",177.2,"10,041",Elementary               
15,63461,Fairfax Elementary,"29,030,468","2,563.2","11,326",Elementary               
15,63479,Fruitvale Elementary,"29,500,182","3,128.4","9,430",Elementary               
15,63487,General Shafter Elementary,"2,347,144",138.2,"16,985",Elementary               
15,63503,Greenfield Union,"92,771,962","8,953.6","10,361",Elementary               
15,63529,Kern High,"456,668,687","36,861.3","12,389",High                     
15,63545,Kernville Union Elementary,"10,123,565",836.2,"12,107",Elementary               
15,63552,Lakeside Union Elementary,"13,255,786","1,309.3","10,124",Elementary               
15,63560,Lamont Elementary,"31,687,731","2,967.1","10,680",Elementary               
15,63578,Richland Union Elementary,"35,394,259","2,908.8","12,168",Elementary               
15,63586,Linns Valley-Poso Flat Union,"554,619",21.9,"25,290",Elementary               
15,63594,Lost Hills Union Elementary,"6,262,541",481.2,"13,015",Elementary               
15,63610,Maple Elementary,"2,483,801",274.9,"9,036",Elementary               
15,63628,Maricopa Unified,"5,086,202",286.4,"17,758",Unified                  
15,63651,Mckittrick Elementary,"2,192,803",74.4,"29,473",Elementary               
15,63669,Midway Elementary,"1,486,788",79.5,"18,699",Elementary               
15,63677,Mojave Unified,"31,764,145","2,599.4","12,220",Unified                  
15,63685,Muroc Joint Unified,"20,481,672","1,695.3","12,081",Unified                  
15,63693,Norris Elementary,"32,849,115","4,031.8","8,148",Elementary               
15,63719,Pond Union Elementary,"2,495,978",183.9,"13,576",Elementary               
15,63750,Rosedale Union Elementary,"53,041,258","5,581.9","9,502",Elementary               
15,63768,Semitropic Elementary,"2,611,266",200.9,"12,997",Elementary               
15,63776,Southern Kern Unified,"42,868,551","3,321.4","12,907",Unified                  
15,63784,South Fork Union Elementary,"2,765,324",235.1,"11,761",Elementary               
15,63792,Standard Elementary,"29,100,660","2,907.8","10,008",Elementary               
15,63800,Taft City Elementary,"22,874,481","2,208.8","10,356",Elementary               
15,63818,Taft Union High,"23,769,174",945.1,"25,149",High                     
15,63826,Tehachapi Unified,"41,692,206","4,137.2","10,078",Unified                  
15,63834,Vineland Elementary,"6,836,526",666.9,"10,251",Elementary               
15,63842,Wasco Union Elementary,"39,687,823","3,532.3","11,236",Elementary               
15,63859,Wasco Union High,"20,606,774","1,740.1","11,842",High                     
15,73544,Rio Bravo-Greeley Union Elementary,"9,370,929","1,005.7","9,318",Elementary               
15,73742,Sierra Sands Unified,"50,111,517","4,823.1","10,390",Unified                  
15,73908,Mcfarland Unified,"36,170,907","3,378.5","10,706",Unified                  
15,75168,El Tejon Unified,"8,038,408",651.9,"12,330",Unified                  
16,63875,Armona Union Elementary,"10,444,046",912.6,"11,444",Elementary               
16,63883,Central Union Elementary,"23,844,215","1,731.9","13,768",Elementary               
16,63891,Corcoran Joint Unified,"36,369,862","3,139.1","11,586",Unified                  
16,63917,Hanford Elementary,"59,152,926","5,353.2","11,050",Elementary               
16,63925,Hanford Joint Union High,"40,885,640","3,547.1","11,527",High                     
16,63933,Island Union Elementary,"3,589,300",405.1,"8,861",Elementary               
16,63941,Kings River-Hardwick Union Elementary,"7,287,832",780.8,"9,334",Elementary               
16,63958,Kit Carson Union Elementary,"3,768,749",368.9,"10,216",Elementary               
16,63966,Lakeside Union Elementary,"3,548,968",311.7,"11,385",Elementary               
16,63974,Lemoore Union Elementary,"30,485,061","3,015.1","10,111",Elementary               
16,63982,Lemoore Union High,"21,260,321","1,814.1","11,720",High                     
16,63990,Pioneer Union Elementary,"14,682,890","1,535.3","9,563",Elementary               
16,73932,Reef-Sunset Unified,"31,130,697","2,533.8","12,286",Unified                  
17,64014,Kelseyville Unified,"19,636,158","1,561.9","12,572",Unified                  
17,64022,Konocti Unified,"40,439,101","3,133.3","12,906",Unified                  
17,64030,Lakeport Unified,"16,376,829","1,420.0","11,533",Unified                  
17,64048,Lucerne Elementary,"2,893,838",239.4,"12,088",Elementary               
17,64055,Middletown Unified,"15,543,455","1,383.0","11,239",Unified                  
17,76976,Upper Lake Unified,"10,168,813",762.7,"13,333",Unified                  
18,64089,Big Valley Joint Unified,"2,243,114",129.3,"17,349",Unified                  
18,64105,Janesville Union Elementary,"3,116,957",341.4,"9,131",Elementary               
18,64113,Johnstonville Elementary,"1,908,903",189.7,"10,064",Elementary               
18,64139,Lassen Union High,"9,078,379",748.5,"12,129",High                     
18,64162,Ravendale-Termo Elementary,"263,213",5.9,"44,840",Elementary               
18,64170,Richmond Elementary,"1,650,027",202.4,"8,153",Elementary               
18,64188,Shaffer Union Elementary,"1,836,132",162.0,"11,337",Elementary               
18,64196,Susanville Elementary,"9,205,705","1,044.3","8,815",Elementary               
18,64204,Westwood Unified,"2,668,245",156.9,"17,003",Unified                  
18,75036,Fort Sage Unified,"2,349,725",119.2,"19,707",Unified                  
19,64212,ABC Unified,"215,049,027","19,855.3","10,831",Unified                  
19,64246,Antelope Valley Union High,"256,184,424","19,360.5","13,232",High                     
19,64261,Arcadia Unified,"101,395,950","9,209.9","11,009",Unified                  
19,64279,Azusa Unified,"107,281,500","7,964.3","13,470",Unified                  
19,64287,Baldwin Park Unified,"162,058,735","12,470.5","12,995",Unified                  
19,64295,Bassett Unified,"47,437,464","3,415.9","13,887",Unified                  
19,64303,Bellflower Unified,"134,921,182","11,557.6","11,674",Unified                  
19,64311,Beverly Hills Unified,"65,551,729","3,773.7","17,371",Unified                  
19,64329,Bonita Unified,"102,533,880","9,733.3","10,534",Unified                  
19,64337,Burbank Unified,"156,850,436","14,574.2","10,762",Unified                  
19,64345,Castaic Union Elementary,"21,027,579","2,087.9","10,071",Elementary               
19,64352,Centinela Valley Union High,"84,386,542","5,964.6","14,148",High                     
19,64378,Charter Oak Unified,"51,054,738","4,613.1","11,067",Unified                  
19,64394,Claremont Unified,"72,975,758","6,758.0","10,798",Unified                  
19,64436,Covina-Valley Unified,"138,207,734","11,388.8","12,135",Unified                  
19,64444,Culver City Unified,"79,473,441","6,744.3","11,784",Unified                  
19,64451,Downey Unified,"255,027,469","21,096.4","12,089",Unified                  
19,64469,Duarte Unified,"45,037,022","3,430.3","13,129",Unified                  
19,64477,Eastside Union Elementary,"37,576,696","3,217.4","11,679",Elementary               
19,64485,East Whittier City Elementary,"83,859,704","8,356.2","10,036",Elementary               
19,64501,El Monte City Elementary,"102,794,251","8,149.0","12,614",Elementary               
19,64519,El Monte Union High,"119,220,411","8,376.4","14,233",High                     
19,64527,El Rancho Unified,"93,952,601","8,239.9","11,402",Unified                  
19,64535,El Segundo Unified,"36,577,956","3,371.2","10,850",Unified                  
19,64550,Garvey Elementary,"60,391,023","4,525.2","13,345",Elementary               
19,64568,Glendale Unified,"294,016,618","25,121.0","11,704",Unified                  
19,64576,Glendora Unified,"76,250,695","7,188.7","10,607",Unified                  
19,64584,Gorman Joint,"1,167,305",75.7,"15,424",Elementary               
19,64592,Hawthorne Elementary,"88,751,316","7,461.7","11,894",Elementary               
19,64600,Hermosa Beach City Elementary,"12,947,822","1,307.8","9,901",Elementary               
19,64626,Hughes-Elizabeth Lakes Union Elementary,"2,104,780",179.6,"11,721",Elementary               
19,64634,Inglewood Unified,"117,597,186","8,781.6","13,391",Unified                  
19,64642,Keppel Union Elementary,"30,048,283","2,515.1","11,947",Elementary               
19,64659,La Canada Unified,"44,684,902","4,045.2","11,046",Unified                  
19,64667,Lancaster Elementary,"148,766,019","13,155.3","11,308",Elementary               
19,64683,Las Virgenes Unified,"115,353,617","10,902.3","10,581",Unified                  
19,64691,Lawndale Elementary,"69,065,610","5,231.3","13,202",Elementary               
19,64709,Lennox Elementary,"67,760,383","5,050.9","13,415",Elementary               
19,64717,Little Lake City Elementary,"47,872,087","4,293.0","11,151",Elementary               
19,64725,Long Beach Unified,"866,039,394","70,827.0","12,228",Unified                  
19,64733,Los Angeles Unified,"6,740,958,848","477,630.7","14,113",Unified                  
19,64758,Los Nietos Elementary,"21,161,723","1,573.4","13,450",Elementary               
19,64766,Lowell Joint Elementary,"28,029,267","3,054.4","9,177",Elementary               
19,64774,Lynwood Unified,"161,175,645","13,313.8","12,106",Unified                  
19,64790,Monrovia Unified,"65,698,156","5,271.2","12,464",Unified                  
19,64808,Montebello Unified,"304,831,677","24,987.0","12,200",Unified                  
19,64816,Mountain View Elementary,"89,917,136","6,451.4","13,938",Elementary               
19,64832,Newhall Elementary,"62,637,338","6,347.5","9,868",Elementary               
19,64840,Norwalk-La Mirada Unified,"214,889,189","17,163.9","12,520",Unified                  
19,64857,Palmdale Elementary,"219,633,318","17,752.0","12,372",Elementary               
19,64865,Palos Verdes Peninsula Unified,"121,294,765","10,985.3","11,042",Unified                  
19,64873,Paramount Unified,"175,127,029","14,601.1","11,994",Unified                  
19,64881,Pasadena Unified,"213,394,907","16,002.7","13,335",Unified                  
19,64907,Pomona Unified,"288,912,782","22,091.4","13,078",Unified                  
19,64931,Rosemead Elementary,"29,689,010","2,407.0","12,335",Elementary               
19,64964,San Marino Unified,"39,996,967","2,987.3","13,389",Unified                  
19,64980,Santa Monica-Malibu Unified,"155,650,414","10,294.2","15,120",Unified                  
19,64998,Saugus Union Elementary,"95,756,743","9,659.3","9,913",Elementary               
19,65029,South Pasadena Unified,"48,612,678","4,643.8","10,468",Unified                  
19,65037,South Whittier Elementary,"33,769,592","2,659.7","12,697",Elementary               
19,65045,Sulphur Springs Union Elementary,"54,596,242","5,192.9","10,514",Elementary               
19,65052,Temple City Unified,"56,519,709","5,697.6","9,920",Unified                  
19,65060,Torrance Unified,"232,233,604","22,535.3","10,305",Unified                  
19,65078,Valle Lindo Elementary,"12,814,915","1,005.6","12,744",Elementary               
19,65094,West Covina Unified,"108,997,445","8,543.1","12,759",Unified                  
19,65102,Westside Union Elementary,"87,432,926","9,044.4","9,667",Elementary               
19,65110,Whittier City Elementary,"68,204,634","5,782.2","11,796",Elementary               
19,65128,Whittier Union High,"151,583,565","11,269.1","13,451",High                     
19,65136,William S. Hart Union High,"225,873,882","21,522.1","10,495",High                     
19,65151,Wilsona Elementary,"14,890,177","1,216.3","12,242",Elementary               
19,73437,Compton Unified,"276,015,828","20,979.0","13,157",Unified                  
19,73445,Hacienda La Puente Unified,"201,484,024","17,712.1","11,375",Unified                  
19,73452,Rowland Unified,"153,565,208","13,052.7","11,765",Unified                  
19,73460,Walnut Valley Unified,"139,190,651","13,968.4","9,965",Unified                  
19,75291,San Gabriel Unified,"59,791,650","5,008.4","11,938",Unified                  
19,75309,Acton-Agua Dulce Unified,"14,550,055","1,026.6","14,173",Unified                  
19,75333,Manhattan Beach Unified,"76,244,519","6,383.0","11,945",Unified                  
19,75341,Redondo Beach Unified,"93,558,221","9,525.5","9,822",Unified                  
19,75713,Alhambra Unified,"199,924,954","16,352.4","12,226",Unified                  
19,76869,Wiseburn Unified,"26,316,486","2,440.6","10,783",Unified                  
20,65177,Alview-Dairyland Union Elementary,"3,893,255",386.3,"10,079",Elementary               
20,65185,Bass Lake Joint Union Elementary,"8,504,268",837.6,"10,154",Elementary               
20,65193,Chowchilla Elementary,"21,815,392","2,130.5","10,240",Elementary               
20,65201,Chowchilla Union High,"11,966,815","1,012.4","11,820",High                     
20,65243,Madera Unified,"223,204,359","18,982.9","11,758",Unified                  
20,65276,Raymond-Knowles Union Elementary,"1,030,662",78.5,"13,131",Elementary               
20,75580,Golden Valley Unified,"19,334,798","1,881.0","10,279",Unified                  
20,75606,Chawanakee Unified,"7,402,827",626.2,"11,822",Unified                  
20,76414,Yosemite Unified,"17,989,023","1,590.2","11,312",Unified                  
21,65300,Bolinas-Stinson Union Elementary,"4,229,411",82.9,"51,037",Elementary               
21,65318,Dixie Elementary,"22,024,759","1,909.9","11,532",Elementary               
21,65334,Kentfield Elementary,"16,961,544","1,191.0","14,241",Elementary               
21,65342,Laguna Joint Elementary,"326,562",13.4,"24,462",Elementary               
21,65359,Lagunitas Elementary,"3,785,955",237.4,"15,947",Elementary               
21,65367,Larkspur-Corte Madera,"19,634,699","1,488.4","13,192",Elementary               
21,65375,Lincoln Elementary,"251,993",7.0,"36,051",Elementary               
21,65391,Mill Valley Elementary,"42,964,224","2,972.2","14,455",Elementary               
21,65409,Nicasio Elementary,"926,005",39.5,"23,425",Elementary               
21,65417,Novato Unified,"84,771,103","7,283.8","11,638",Unified                  
21,65425,Reed Union Elementary,"21,321,124","1,389.1","15,349",Elementary               
21,65433,Ross Elementary,"7,643,266",369.2,"20,701",Elementary               
21,65458,San Rafael City Elementary,"52,104,756","4,545.9","11,462",Elementary               
21,65466,San Rafael City High,"34,927,415","2,483.0","14,067",High                     
21,65474,Sausalito Marin City Elementary,"5,236,259",115.6,"45,300",Elementary               
21,65482,Tamalpais Union High,"83,965,986","4,562.0","18,405",High                     
21,73361,Shoreline Unified,"13,174,761",477.8,"27,574",Unified                  
21,75002,Ross Valley Elementary,"24,124,897","2,007.3","12,019",Elementary               
22,65532,Mariposa County Unified,"19,339,352","1,565.1","12,357",Unified                  
23,65540,Anderson Valley Unified,"7,752,326",452.7,"17,124",Unified                  
23,65565,Fort Bragg Unified,"21,463,854","1,684.6","12,741",Unified                  
23,65573,Manchester Union Elementary,"762,345",36.6,"20,812",Elementary               
23,65581,Mendocino Unified,"8,017,628",471.3,"17,011",Unified                  
23,65607,Round Valley Unified,"6,546,496",359.4,"18,213",Unified                  
23,65615,Ukiah Unified,"68,447,381","5,574.7","12,278",Unified                  
23,65623,Willits Unified,"19,074,492","1,410.5","13,524",Unified                  
23,73866,Potter Valley Community Unified,"3,768,164",243.5,"15,478",Unified                  
23,73916,Laytonville Unified,"5,165,714",344.9,"14,976",Unified                  
23,75218,Leggett Valley Unified,"2,289,484",115.2,"19,877",Unified                  
23,76349,Arena Union Elementary/Point Arena Joint Union High ,"7,033,222",341.9,"20,573",Comm admin dist          
24,65631,Atwater Elementary,"46,918,402","4,851.4","9,671",Elementary               
24,65649,Ballico-Cressey Elementary,"4,018,524",364.2,"11,035",Elementary               
24,65680,El Nido Elementary,"2,063,410",162.4,"12,705",Elementary               
24,65698,Hilmar Unified,"24,552,775","2,254.2","10,892",Unified                  
24,65722,Le Grand Union Elementary,"4,895,162",372.6,"13,139",Elementary               
24,65730,Le Grand Union High,"6,896,183",473.1,"14,576",High                     
24,65748,Livingston Union Elementary,"27,008,728","2,428.2","11,123",Elementary               
24,65755,Los Banos Unified,"115,018,239","10,286.7","11,181",Unified                  
24,65763,McSwain Union Elementary,"8,055,339",819.0,"9,836",Elementary               
24,65771,Merced City Elementary,"110,222,817","10,561.4","10,436",Elementary               
24,65789,Merced Union High,"120,411,735","9,886.6","12,179",High                     
24,65813,Plainsburg Union Elementary,"1,018,109",113.7,"8,953",Elementary               
24,65821,Planada Elementary,"9,423,331",776.2,"12,141",Elementary               
24,65839,Snelling-Merced Falls Union Elementary,"1,064,892",78.3,"13,605",Elementary               
24,65862,Weaver Union Elementary,"30,556,935","2,688.7","11,365",Elementary               
24,65870,Winton Elementary,"20,037,053","1,860.1","10,772",Elementary               
24,73619,Gustine Unified,"19,209,428","1,746.7","10,998",Unified                  
24,73726,Merced River Union Elementary,"1,831,700",168.8,"10,851",Elementary               
24,75317,Dos Palos Oro Loma Joint Unified,"26,654,580","2,262.9","11,779",Unified                  
24,75366,Delhi Unified,"30,919,811","2,456.9","12,585",Unified                  
25,65896,Surprise Valley Joint Unified,"1,738,257",100.2,"17,350",Unified                  
25,73585,Modoc Joint Unified,"8,547,131",802.5,"10,651",Unified                  
25,73593,Tulelake Basin Joint Unified,"5,724,427",367.2,"15,588",Unified                  
26,73668,Eastern Sierra Unified,"9,497,335",390.9,"24,299",Unified                  
26,73692,Mammoth Unified,"13,274,183","1,137.5","11,669",Unified                  
27,65961,Alisal Union Elementary,"93,264,197","8,533.6","10,929",Elementary               
27,65979,Bradley Union Elementary,"1,073,710",75.0,"14,324",Elementary               
27,65987,Carmel Unified,"53,157,863","2,362.1","22,504",Unified                  
27,65995,Chualar Union Elementary,"3,623,309",314.2,"11,531",Elementary               
27,66027,Graves Elementary,"434,374",35.9,"12,116",Elementary               
27,66035,Greenfield Union Elementary,"38,868,488","3,422.6","11,356",Elementary               
27,66050,King City Union Elementary,"28,202,422","2,503.5","11,265",Elementary               
27,66068,South Monterey County Joint Union High,"26,219,839","2,149.2","12,200",High                     
27,66076,Lagunita Elementary,"905,702",95.3,"9,503",Elementary               
27,66084,Mission Union Elementary,"1,402,077",122.5,"11,447",Elementary               
27,66092,Monterey Peninsula Unified,"113,122,246","9,063.3","12,481",Unified                  
27,66134,Pacific Grove Unified,"31,257,569","1,978.5","15,798",Unified                  
27,66142,Salinas City Elementary,"97,359,695","8,395.8","11,596",Elementary               
27,66159,Salinas Union High,"178,663,126","14,571.7","12,261",High                     
27,66167,San Antonio Union Elementary,"1,926,922",137.7,"13,992",Elementary               
27,66175,San Ardo Union Elementary,"1,503,281",101.4,"14,830",Elementary               
27,66183,San Lucas Union Elementary,"985,220",66.6,"14,786",Elementary               
27,66191,Santa Rita Union Elementary,"31,842,391","3,422.4","9,304",Elementary               
27,66225,Spreckels Union Elementary,"8,356,958",939.7,"8,893",Elementary               
27,66233,Washington Union Elementary,"8,122,035",855.6,"9,493",Elementary               
27,73825,North Monterey County Unified,"52,843,250","4,361.4","12,116",Unified                  
27,75150,Big Sur Unified,"845,779",10.4,"81,325",Unified                  
27,75440,Soledad Unified,"56,357,997","4,634.2","12,161",Unified                  
27,75473,Gonzales Unified,"29,003,295","2,261.4","12,826",Unified                  
28,66241,Calistoga Joint Unified,"14,762,640",821.4,"17,972",Unified                  
28,66258,Howell Mountain Elementary,"1,586,347",92.2,"17,207",Elementary               
28,66266,Napa Valley Unified,"176,807,038","15,927.7","11,101",Unified                  
28,66282,Pope Valley Union Elementary,"1,399,632",64.2,"21,794",Elementary               
28,66290,Saint Helena Unified,"30,602,450","1,199.7","25,508",Unified                  
29,66316,Chicago Park Elementary,"1,671,411",116.0,"14,414",Elementary               
29,66324,Clear Creek Elementary,"1,446,236",155.0,"9,330",Elementary               
29,66332,Grass Valley Elementary,"14,407,488","1,146.0","12,572",Elementary               
29,66340,Nevada City Elementary,"7,649,106",707.5,"10,812",Elementary               
29,66357,Nevada Joint Union High,"34,481,769","2,381.3","14,480",High                     
29,66373,Pleasant Ridge Union Elementary,"11,112,700","1,082.1","10,270",Elementary               
29,66407,Union Hill Elementary,"6,404,305",668.3,"9,583",Elementary               
29,66415,Twin Ridges Elementary,"1,649,309",85.3,"19,326",Elementary               
29,76877,Penn Valley Union Elementary,"5,911,321",495.9,"11,921",Elementary               
30,66423,Anaheim Elementary,"216,800,188","17,052.6","12,714",Elementary               
30,66431,Anaheim Union High,"340,884,951","29,121.2","11,706",High                     
30,66449,Brea-Olinda Unified,"56,497,884","5,714.8","9,886",Unified                  
30,66456,Buena Park Elementary,"54,420,018","4,373.1","12,444",Elementary               
30,66464,Capistrano Unified,"471,585,268","45,844.1","10,287",Unified                  
30,66472,Centralia Elementary,"46,984,413","4,184.1","11,229",Elementary               
30,66480,Cypress Elementary,"39,497,177","3,847.5","10,266",Elementary               
30,66498,Fountain Valley Elementary,"57,107,291","6,211.3","9,194",Elementary               
30,66506,Fullerton Elementary,"138,813,960","12,916.6","10,747",Elementary               
30,66514,Fullerton Joint Union High,"147,014,641","13,208.5","11,130",High                     
30,66522,Garden Grove Unified,"501,285,224","41,695.9","12,022",Unified                  
30,66530,Huntington Beach City Elementary,"64,803,923","6,567.1","9,868",Elementary               
30,66548,Huntington Beach Union High,"182,608,039","15,377.5","11,875",High                     
30,66555,Laguna Beach Unified,"53,943,320","2,787.5","19,352",Unified                  
30,66563,La Habra City Elementary,"54,338,620","4,489.4","12,104",Elementary               
30,66589,Magnolia Elementary,"69,002,265","5,814.4","11,868",Elementary               
30,66597,Newport-Mesa Unified,"281,762,766","20,208.0","13,943",Unified                  
30,66613,Ocean View Elementary,"87,452,644","7,986.7","10,950",Elementary               
30,66621,Orange Unified,"276,530,475","24,783.0","11,158",Unified                  
30,66647,Placentia-Yorba Linda Unified,"260,592,744","24,617.6","10,586",Unified                  
30,66670,Santa Ana Unified,"616,944,655","46,710.0","13,208",Unified                  
30,66696,Savanna Elementary,"23,810,491","2,192.2","10,862",Elementary               
30,66746,Westminster Elementary,"99,603,338","9,003.6","11,063",Elementary               
30,73635,Saddleback Valley Unified,"270,129,024","26,232.2","10,298",Unified                  
30,73643,Tustin Unified,"241,071,049","23,185.6","10,397",Unified                  
30,73650,Irvine Unified,"353,385,092","33,642.1","10,504",Unified                  
30,73924,Los Alamitos Unified,"101,405,247","9,537.4","10,632",Unified                  
31,66761,Ackerman Charter,"4,542,291",582.1,"7,804",Elementary               
31,66779,Alta-Dutch Flat Union Elementary,"1,267,265",101.8,"12,445",Elementary               
31,66787,Auburn Union Elementary,"14,444,818","1,110.7","13,005",Elementary               
31,66795,Colfax Elementary,"3,302,854",335.5,"9,846",Elementary               
31,66803,Dry Creek Joint Elementary,"63,464,706","6,633.4","9,568",Elementary               
31,66829,Eureka Union Elementary,"32,939,541","3,245.6","10,149",Elementary               
31,66837,Foresthill Union Elementary,"4,324,871",369.7,"11,700",Elementary               
31,66845,Loomis Union Elementary,"22,432,509","2,437.4","9,203",Elementary               
31,66852,Newcastle Elementary,"3,435,791",152.1,"22,589",Elementary               
31,66886,Placer Hills Union Elementary,"7,515,343",697.6,"10,773",Elementary               
31,66894,Placer Union High,"44,013,371","3,787.2","11,622",High                     
31,66910,Roseville City Elementary,"100,250,819","10,477.4","9,568",Elementary               
31,66928,Roseville Joint Union High,"109,516,735","9,755.9","11,226",High                     
31,66944,Tahoe-Truckee Unified,"60,647,978","3,600.3","16,845",Unified                  
31,66951,Western Placer Unified,"69,186,158","6,672.1","10,370",Unified                  
31,75085,Rocklin Unified,"109,473,336","11,406.8","9,597",Unified                  
32,66969,Plumas Unified,"25,085,207","1,698.2","14,772",Unified                  
33,66977,Alvord Unified,"222,113,522","17,977.8","12,355",Unified                  
33,66985,Banning Unified,"54,654,399","4,226.2","12,932",Unified                  
33,66993,Beaumont Unified,"100,905,897","9,517.9","10,602",Unified                  
33,67033,Corona-Norco Unified,"557,879,039","51,022.5","10,934",Unified                  
33,67041,Desert Center Unified,"1,096,795",18.4,"59,544",Unified                  
33,67058,Desert Sands Unified,"310,219,104","24,791.1","12,513",Unified                  
33,67082,Hemet Unified,"265,095,793","20,001.3","13,254",Unified                  
33,67090,Jurupa Unified,"214,270,745","18,209.9","11,767",Unified                  
33,67116,Menifee Union Elementary,"96,328,279","9,734.5","9,896",Elementary               
33,67124,Moreno Valley Unified,"382,459,183","31,027.7","12,326",Unified                  
33,67157,Nuview Union Elementary,"15,938,166","1,459.0","10,924",Elementary               
33,67173,Palm Springs Unified,"276,973,758","20,629.3","13,426",Unified                  
33,67181,Palo Verde Unified,"32,735,661","2,825.7","11,585",Unified                  
33,67199,Perris Elementary,"59,890,888","4,619.8","12,964",Elementary               
33,67207,Perris Union High,"115,789,290","9,016.8","12,841",High                     
33,67215,Riverside Unified,"479,771,376","39,111.1","12,267",Unified                  
33,67231,Romoland Elementary,"40,576,048","3,752.4","10,813",Elementary               
33,67249,San Jacinto Unified,"113,369,388","9,462.2","11,981",Unified                  
33,73676,Coachella Valley Unified,"241,945,479","17,263.3","14,015",Unified                  
33,75176,Lake Elsinore Unified,"230,358,769","20,215.9","11,395",Unified                  
33,75192,Temecula Valley Unified,"266,975,514","26,992.7","9,891",Unified                  
33,75200,Murrieta Valley Unified,"228,213,079","21,995.5","10,375",Unified                  
33,75242,Val Verde Unified,"216,557,916","19,355.2","11,189",Unified                  
34,67280,Arcohe Union Elementary,"4,345,180",438.2,"9,917",Elementary               
34,67314,Elk Grove Unified,"661,563,883","59,748.8","11,072",Unified                  
34,67322,Elverta Joint Elementary,"2,837,869",230.0,"12,339",Elementary               
34,67330,Folsom-Cordova Unified,"208,367,798","19,356.3","10,765",Unified                  
34,67348,Galt Joint Union Elementary,"41,189,667","3,470.9","11,867",Elementary               
34,67355,Galt Joint Union High,"25,551,894","2,021.5","12,640",High                     
34,67413,River Delta Joint Unified,"21,499,369","1,809.6","11,881",Unified                  
34,67421,Robla Elementary,"25,587,226","2,033.4","12,584",Elementary               
34,67439,Sacramento City Unified,"486,432,070","38,392.8","12,670",Unified                  
34,67447,San Juan Unified,"431,015,576","37,512.7","11,490",Unified                  
34,73973,Center Joint Unified,"47,920,959","4,066.0","11,786",Unified                  
34,75283,Natomas Unified,"104,831,329","9,376.2","11,181",Unified                  
34,76505,Twin Rivers Unified,"316,604,318","24,589.8","12,875",Unified                  
35,67454,Bitterwater-Tully Elementary,"443,740",33.2,"13,366",Elementary               
35,67462,Cienega Union Elementary,"339,064",27.9,"12,157",Elementary               
35,67470,Hollister Elementary,"55,240,705","5,118.2","10,793",Elementary               
35,67488,Jefferson Elementary,"256,228",7.8,"33,019",Elementary               
35,67504,North County Joint Union Elementary,"6,101,818",725.0,"8,416",Elementary               
35,67520,Panoche Elementary,"164,878",3.7,"44,562",Elementary               
35,67538,San Benito High,"31,407,348","2,895.6","10,847",High                     
35,67553,Southside Elementary,"1,656,365",198.6,"8,342",Elementary               
35,67561,Tres Pinos Union Elementary,"1,071,993",118.1,"9,079",Elementary               
35,67579,Willow Grove Union Elementary,"330,524",14.7,"22,500",Elementary               
35,75259,Aromas - San Juan Unified,"10,967,648","1,052.6","10,419",Unified                  
36,67587,Adelanto Elementary,"91,267,034","7,874.2","11,591",Elementary               
36,67595,Alta Loma Elementary,"55,514,449","5,782.3","9,601",Elementary               
36,67611,Barstow Unified,"65,007,114","5,792.0","11,224",Unified                  
36,67637,Bear Valley Unified,"27,454,822","2,330.0","11,783",Unified                  
36,67645,Central Elementary,"41,647,726","4,409.4","9,445",Elementary               
36,67652,Chaffey Joint Union High,"264,390,996","22,743.0","11,625",High                     
36,67678,Chino Valley Unified,"274,295,122","27,068.7","10,133",Unified                  
36,67686,Colton Joint Unified,"251,850,973","21,322.3","11,812",Unified                  
36,67694,Cucamonga Elementary,"30,053,856","2,323.4","12,936",Elementary               
36,67702,Etiwanda Elementary,"136,927,596","13,741.7","9,964",Elementary               
36,67710,Fontana Unified,"427,721,458","35,572.9","12,024",Unified                  
36,67736,Helendale Elementary,"6,293,404",621.3,"10,130",Elementary               
36,67777,Morongo Unified,"94,350,599","7,982.2","11,820",Unified                  
36,67785,Mountain View Elementary,"23,650,512","2,441.4","9,687",Elementary               
36,67793,Mt. Baldy Joint Elementary,"1,150,264",89.6,"12,832",Elementary               
36,67801,Needles Unified,"11,900,514",902.8,"13,182",Unified                  
36,67819,Ontario-Montclair Elementary,"264,319,251","20,312.0","13,013",Elementary               
36,67827,Oro Grande Elementary,"5,184,465",96.8,"53,559",Elementary               
36,67843,Redlands Unified,"209,224,844","19,912.4","10,507",Unified                  
36,67850,Rialto Unified,"286,565,117","24,409.0","11,740",Unified                  
36,67868,Rim of The World Unified,"34,585,806","3,109.3","11,123",Unified                  
36,67876,San Bernardino City Unified,"651,483,094","46,562.2","13,992",Unified                  
36,67892,Trona Joint Unified,"5,816,521",239.8,"24,257",Unified                  
36,67918,Victor Elementary,"125,636,307","11,793.4","10,653",Elementary               
36,67934,Victor Valley Union High,"123,712,182","9,546.1","12,960",High                     
36,67959,Yucaipa-Calimesa Joint Unified,"87,542,068","8,006.8","10,933",Unified                  
36,73858,Baker Valley Unified,"2,418,521",125.6,"19,250",Unified                  
36,73890,Silver Valley Unified,"28,636,107","1,997.5","14,336",Unified                  
36,73957,Snowline Joint Unified,"78,965,925","7,047.2","11,205",Unified                  
36,75044,Hesperia Unified,"231,185,965","20,488.4","11,284",Unified                  
36,75051,Lucerne Valley Unified,"9,925,047",680.6,"14,583",Unified                  
36,75069,Upland Unified,"114,965,358","10,355.4","11,102",Unified                  
36,75077,Apple Valley Unified,"142,832,814","12,256.1","11,654",Unified                  
37,67967,Alpine Union Elementary,"16,012,469","1,630.7","9,819",Elementary               
37,67983,Borrego Springs Unified,"6,119,134",379.7,"16,116",Unified                  
37,67991,Cajon Valley Union Elementary,"176,097,561","15,915.5","11,065",Elementary               
37,68007,Cardiff Elementary,"9,324,106",669.3,"13,931",Elementary               
37,68023,Chula Vista Elementary,"264,265,365","22,631.3","11,677",Elementary               
37,68031,Coronado Unified,"35,037,167","2,840.9","12,333",Unified                  
37,68049,Dehesa Elementary,"3,812,067",133.8,"28,497",Elementary               
37,68056,Del Mar Union Elementary,"56,084,908","4,332.5","12,945",Elementary               
37,68080,Encinitas Union Elementary,"59,112,686","5,164.6","11,446",Elementary               
37,68098,Escondido Union Elementary,"179,335,783","15,028.8","11,933",Elementary               
37,68106,Escondido Union High,"91,663,311","7,015.2","13,066",High                     
37,68114,Fallbrook Union Elementary,"55,858,011","4,678.3","11,940",Elementary               
37,68122,Fallbrook Union High,"28,408,432","2,034.6","13,963",High                     
37,68130,Grossmont Union High,"210,836,231","15,571.9","13,540",High                     
37,68155,Jamul-Dulzura Union Elementary,"6,612,576",564.5,"11,714",Elementary               
37,68163,Julian Union Elementary,"5,451,295",286.4,"19,033",Elementary               
37,68171,Julian Union High,"2,694,221",116.5,"23,128",High                     
37,68189,Lakeside Union Elementary,"53,765,039","4,952.3","10,857",Elementary               
37,68197,La Mesa-Spring Valley,"124,921,863","11,651.4","10,722",Elementary               
37,68205,Lemon Grove Elementary,"42,005,259","3,534.6","11,884",Elementary               
37,68213,Mountain Empire Unified,"22,334,790","1,554.1","14,371",Unified                  
37,68221,National Elementary,"61,275,329","5,154.5","11,888",Elementary               
37,68296,Poway Unified,"358,868,032","35,144.5","10,211",Unified                  
37,68304,Ramona City Unified,"55,859,760","5,225.9","10,689",Unified                  
37,68312,Rancho Santa Fe Elementary,"12,354,333",616.6,"20,037",Elementary               
37,68338,San Diego Unified,"1,271,515,430","99,104.2","12,830",Unified                  
37,68346,San Dieguito Union High,"135,445,928","12,463.8","10,867",High                     
37,68353,San Pasqual Union Elementary,"5,559,204",568.3,"9,782",Elementary               
37,68361,Santee Elementary,"61,822,891","6,556.7","9,429",Elementary               
37,68379,San Ysidro Elementary,"62,053,584","4,476.3","13,863",Elementary               
37,68387,Solana Beach Elementary,"47,512,128","2,829.9","16,789",Elementary               
37,68395,South Bay Union Elementary,"72,611,223","5,174.0","14,034",Elementary               
37,68403,Spencer Valley Elementary,"2,628,377",36.4,"72,228",Elementary               
37,68411,Sweetwater Union High,"474,701,050","37,046.9","12,814",High                     
37,68437,Vallecitos Elementary,"2,264,725",204.6,"11,067",Elementary               
37,68452,Vista Unified,"252,230,308","20,280.9","12,437",Unified                  
37,73551,Carlsbad Unified,"110,042,716","10,888.9","10,106",Unified                  
37,73569,Oceanside Unified,"206,363,504","16,940.9","12,181",Unified                  
37,73791,San Marcos Unified,"211,089,616","20,109.0","10,497",Unified                  
37,75416,Warner Unified,"3,455,419",154.1,"22,426",Unified                  
37,75614,Valley Center-Pauma Unified,"45,355,894","3,775.1","12,015",Unified                  
37,76851,Bonsall Unified,"23,927,811","2,264.1","10,568",Unified                  
38,68478,San Francisco Unified,"729,813,887","50,381.9","14,486",Unified                  
39,68486,Banta Elementary,"4,322,581",349.9,"12,352",Elementary               
39,68502,Escalon Unified,"24,966,773","2,488.2","10,034",Unified                  
39,68544,Jefferson Elementary,"21,343,456","2,262.2","9,435",Elementary               
39,68569,Lincoln Unified,"88,013,647","8,583.4","10,254",Unified                  
39,68577,Linden Unified,"23,901,297","2,159.3","11,069",Unified                  
39,68585,Lodi Unified,"307,299,186","27,148.1","11,319",Unified                  
39,68593,Manteca Unified,"244,552,503","22,384.5","10,925",Unified                  
39,68619,New Hope Elementary,"2,579,954",185.3,"13,924",Elementary               
39,68627,New Jerusalem Elementary,"3,225,630",22.0,"146,553",Elementary               
39,68635,Oak View Union Elementary,"3,514,863",386.0,"9,105",Elementary               
39,68650,Ripon Unified,"28,583,426","3,077.4","9,288",Unified                  
39,68676,Stockton Unified,"425,644,603","32,923.8","12,928",Unified                  
39,75499,Tracy Joint Unified,"147,731,305","14,201.0","10,403",Unified                  
39,76760,Lammersville Joint Unified,"44,935,017","4,720.7","9,519",Unified                  
40,68700,Atascadero Unified,"45,624,457","4,484.0","10,175",Unified                  
40,68726,Cayucos Elementary,"3,331,338",192.7,"17,284",Elementary               
40,68759,Lucia Mar Unified,"110,262,122","9,992.3","11,035",Unified                  
40,68791,Pleasant Valley Joint Union Elementary,"1,044,439",74.0,"14,106",Elementary               
40,68809,San Luis Coastal Unified,"88,293,090","7,175.5","12,305",Unified                  
40,68825,San Miguel Joint Union Elementary,"6,353,214",582.2,"10,913",Elementary               
40,68833,Shandon Joint Unified,"4,013,358",299.8,"13,385",Unified                  
40,68841,Templeton Unified,"23,877,711","2,265.7","10,539",Unified                  
40,75457,Paso Robles Joint Unified,"72,838,174","6,477.3","11,245",Unified                  
40,75465,Coast Unified,"11,790,929",576.7,"20,446",Unified                  
41,68858,Bayshore Elementary,"4,640,348",359.0,"12,924",Elementary               
41,68866,Belmont-Redwood Shores Elementary,"46,241,245","4,196.6","11,019",Elementary               
41,68874,Brisbane Elementary,"7,500,360",449.3,"16,695",Elementary               
41,68882,Burlingame Elementary,"34,939,576","3,389.5","10,308",Elementary               
41,68890,Cabrillo Unified,"36,926,961","3,089.9","11,951",Unified                  
41,68908,Hillsborough City Elementary,"26,805,720","1,354.5","19,790",Elementary               
41,68916,Jefferson Elementary,"70,230,078","5,887.0","11,930",Elementary               
41,68924,Jefferson Union High,"52,657,509","4,174.1","12,615",High                     
41,68932,Pacifica Elementary,"30,611,208","3,007.2","10,179",Elementary               
41,68940,La Honda-Pescadero Unified,"5,729,104",293.9,"19,497",Unified                  
41,68957,Las Lomitas Elementary,"25,173,470","1,298.6","19,384",Elementary               
41,68965,Menlo Park City Elementary,"48,015,428","2,895.4","16,583",Elementary               
41,68973,Millbrae Elementary,"23,267,900","2,360.2","9,859",Elementary               
41,68981,Portola Valley Elementary,"14,019,376",576.1,"24,337",Elementary               
41,68999,Ravenswood City Elementary,"45,420,274","2,524.3","17,993",Elementary               
41,69005,Redwood City Elementary,"95,303,965","7,425.7","12,834",Elementary               
41,69013,San Bruno Park Elementary,"27,221,861","2,508.2","10,853",Elementary               
41,69021,San Carlos Elementary,"37,669,120","3,063.5","12,296",Elementary               
41,69039,San Mateo-Foster City Elementary,"131,388,710","11,422.6","11,503",Elementary               
41,69047,San Mateo Union High,"149,298,247","8,393.5","17,787",High                     
41,69062,Sequoia Union High,"143,976,167","8,205.7","17,546",High                     
41,69070,South San Francisco Unified,"96,000,351","8,333.1","11,520",Unified                  
41,69088,Woodside Elementary,"10,630,124",424.8,"25,025",Elementary               
42,69104,Ballard Elementary,"2,113,902",125.0,"16,914",Elementary               
42,69112,Blochman Union Elementary,"2,046,516",203.1,"10,077",Elementary               
42,69120,Santa Maria-Bonita Elementary,"190,059,186","16,487.7","11,527",Elementary               
42,69138,Buellton Union Elementary,"10,549,083",591.9,"17,822",Elementary               
42,69146,Carpinteria Unified,"29,489,369","2,092.3","14,094",Unified                  
42,69161,Cold Spring Elementary,"3,587,481",162.8,"22,035",Elementary               
42,69179,College Elementary,"4,511,500",193.2,"23,353",Elementary               
42,69195,Goleta Union Elementary,"50,661,750","3,402.8","14,888",Elementary               
42,69203,Guadalupe Union Elementary,"14,784,200","1,246.7","11,859",Elementary               
42,69211,Hope Elementary,"10,000,497",958.8,"10,430",Elementary               
42,69229,Lompoc Unified,"100,928,744","9,092.6","11,100",Unified                  
42,69245,Los Olivos Elementary,"2,014,245",133.1,"15,130",Elementary               
42,69252,Montecito Union Elementary,"11,447,903",377.8,"30,301",Elementary               
42,69260,Orcutt Union Elementary,"41,606,835","4,261.4","9,764",Elementary               
42,69310,Santa Maria Joint Union High,"95,402,725","7,378.5","12,930",High                     
42,69328,Santa Ynez Valley Union High,"10,633,864",908.0,"11,712",High                     
42,69336,Solvang Elementary,"4,853,964",565.2,"8,588",Elementary               
42,69344,Vista Del Mar Union Elementary,"1,921,495",70.2,"27,372",Elementary               
42,75010,Cuyama Joint Unified,"2,888,915",186.6,"15,485",Unified                  
42,76786,Santa Barbara Unified,"155,574,179","12,850.0","12,107",Unified                  
43,69369,Alum Rock Union Elementary,"142,018,690","9,694.7","14,649",Elementary               
43,69377,Berryessa Union Elementary,"71,287,885","6,883.3","10,357",Elementary               
43,69385,Cambrian Elementary,"36,487,574","3,482.9","10,476",Elementary               
43,69393,Campbell Union Elementary,"86,533,238","7,061.9","12,253",Elementary               
43,69401,Campbell Union High,"99,615,719","7,589.2","13,126",High                     
43,69419,Cupertino Union Elementary,"190,583,039","17,610.7","10,822",Elementary               
43,69427,East Side Union High,"262,996,597","21,977.3","11,967",High                     
43,69435,Evergreen Elementary,"111,439,363","11,030.3","10,103",Elementary               
43,69450,Franklin-McKinley Elementary,"97,240,302","7,363.5","13,206",Elementary               
43,69468,Fremont Union High,"152,089,367","10,701.3","14,212",High                     
43,69484,Gilroy Unified,"121,939,092","10,610.4","11,492",Unified                  
43,69492,Lakeside Joint Elementary,"1,698,157",72.8,"23,339",Elementary               
43,69500,Loma Prieta Joint Union Elementary,"6,481,929",482.3,"13,440",Elementary               
43,69518,Los Altos Elementary,"63,871,314","4,301.4","14,849",Elementary               
43,69526,Los Gatos Union Elementary,"38,075,531","3,058.9","12,447",Elementary               
43,69534,Los Gatos-Saratoga Joint Union High,"53,230,168","3,273.6","16,260",High                     
43,69542,Luther Burbank Elementary,"5,939,261",502.5,"11,820",Elementary               
43,69575,Moreland Elementary,"55,146,964","4,635.3","11,897",Elementary               
43,69583,Morgan Hill Unified,"83,858,234","7,995.4","10,488",Unified                  
43,69591,Mountain View Whisman Elementary,"71,384,816","4,977.9","14,340",Elementary               
43,69609,Mountain View-Los Altos Union High,"83,701,897","4,093.6","20,447",High                     
43,69617,Mount Pleasant Elementary,"30,239,726","2,243.4","13,480",Elementary               
43,69625,Oak Grove Elementary,"111,887,137","9,894.9","11,308",Elementary               
43,69633,Orchard Elementary,"8,725,429",841.7,"10,366",Elementary               
43,69641,Palo Alto Unified,"242,777,901","11,738.4","20,682",Unified                  
43,69666,San Jose Unified,"340,998,187","28,981.7","11,766",Unified                  
43,69674,Santa Clara Unified,"248,770,335","14,717.3","16,903",Unified                  
43,69682,Saratoga Union Elementary,"30,954,085","1,794.9","17,246",Elementary               
43,69690,Sunnyvale Elementary,"87,465,731","6,314.0","13,853",Elementary               
43,69708,Union Elementary,"62,115,526","5,668.0","10,959",Elementary               
43,73387,Milpitas Unified,"105,122,428","10,072.3","10,437",Unified                  
44,40261,Santa Cruz City Elementary/High,"79,440,126","6,208.3","12,796",Comm admin dist          
44,69732,Bonny Doon Union Elementary,"2,094,146",157.9,"13,265",Elementary               
44,69757,Happy Valley Elementary,"1,400,985",114.0,"12,295",Elementary               
44,69765,Live Oak Elementary,"20,276,529","1,660.6","12,210",Elementary               
44,69773,Mountain Elementary,"1,555,653",124.3,"12,514",Elementary               
44,69781,Pacific Elementary,"1,332,677",112.8,"11,816",Elementary               
44,69799,Pajaro Valley Unified,"241,471,697","17,220.2","14,023",Unified                  
44,69807,San Lorenzo Valley Unified,"24,760,063","2,191.4","11,299",Unified                  
44,69849,Soquel Union Elementary,"18,649,530","1,862.7","10,012",Elementary               
44,75432,Scotts Valley Unified,"24,612,553","2,333.4","10,548",Unified                  
45,69856,Anderson Union High,"18,836,322","1,441.7","13,065",High                     
45,69872,Bella Vista Elementary,"3,832,439",342.8,"11,180",Elementary               
45,69880,Black Butte Union Elementary,"2,534,059",194.0,"13,065",Elementary               
45,69914,Cascade Union Elementary,"14,557,431",997.0,"14,602",Elementary               
45,69922,Castle Rock Union Elementary,"781,074",53.8,"14,529",Elementary               
45,69948,Columbia Elementary,"8,124,120",745.8,"10,893",Elementary               
45,69955,Cottonwood Union Elementary,"9,377,322",891.1,"10,523",Elementary               
45,69971,Enterprise Elementary,"38,706,790","3,411.9","11,345",Elementary               
45,69989,Fall River Joint Unified,"14,416,768","1,102.4","13,078",Unified                  
45,69997,French Gulch-Whiskeytown Elementary,"455,883",26.0,"17,547",Elementary               
45,70003,Grant Elementary,"6,624,308",629.3,"10,527",Elementary               
45,70011,Happy Valley Union Elementary,"5,534,888",490.7,"11,281",Elementary               
45,70029,"Igo, Ono, Platina Union Elementary","705,581",39.6,"17,840",Elementary               
45,70037,Indian Springs Elementary,"501,096",8.9,"56,557",Elementary               
45,70045,Junction Elementary,"2,996,050",258.6,"11,588",Elementary               
45,70052,Millville Elementary,"2,460,112",250.8,"9,811",Elementary               
45,70078,North Cow Creek Elementary,"2,402,677",254.3,"9,447",Elementary               
45,70086,Oak Run Elementary,"690,627",60.8,"11,352",Elementary               
45,70094,Pacheco Union Elementary,"6,413,977",601.8,"10,657",Elementary               
45,70110,Redding Elementary,"33,025,190","2,850.5","11,586",Elementary               
45,70128,Shasta Union Elementary,"1,373,853",144.1,"9,533",Elementary               
45,70136,Shasta Union High,"53,655,827","4,031.9","13,308",High                     
45,70169,Whitmore Union Elementary,"670,058",33.3,"20,104",Elementary               
45,73700,Mountain Union Elementary,"1,156,660",59.5,"19,456",Elementary               
45,75267,Gateway Unified,"28,691,067","2,140.9","13,401",Unified                  
46,70177,Sierra-Plumas Joint Unified,"5,318,956",382.4,"13,908",Unified                  
47,70185,Big Springs Union Elementary,"1,741,461",171.6,"10,147",Elementary               
47,70193,Bogus Elementary,"208,467",13.5,"15,431",Elementary               
47,70201,Butteville Union Elementary,"1,956,290",194.3,"10,067",Elementary               
47,70227,Delphic Elementary,"577,545",57.2,"10,102",Elementary               
47,70243,Dunsmuir Elementary,"1,010,158",78.4,"12,881",Elementary               
47,70250,Dunsmuir Joint Union High,"1,732,087",57.7,"30,008",High                     
47,70292,Forks of Salmon Elementary,"231,483",8.2,"28,299",Elementary               
47,70318,Gazelle Union Elementary,"426,124",27.3,"15,609",Elementary               
47,70326,Grenada Elementary,"1,880,970",195.4,"9,625",Elementary               
47,70334,Happy Camp Union Elementary,"1,261,217",100.6,"12,539",Elementary               
47,70359,Hornbrook Elementary,"878,888",49.1,"17,911",Elementary               
47,70367,Junction Elementary,"439,081",26.5,"16,594",Elementary               
47,70375,Klamath River Union Elementary,"253,944",17.0,"14,903",Elementary               
47,70383,Little Shasta Elementary,"311,933",15.1,"20,617",Elementary               
47,70409,McCloud Union Elementary,"654,512",53.6,"12,204",Elementary               
47,70417,Montague Elementary,"1,667,404",146.6,"11,375",Elementary               
47,70425,Mt. Shasta Union Elementary,"5,365,665",526.4,"10,192",Elementary               
47,70458,Seiad Elementary,"348,482",16.7,"20,930",Elementary               
47,70466,Siskiyou Union High,"8,145,279",508.2,"16,027",High                     
47,70482,Weed Union Elementary,"3,118,798",267.5,"11,659",Elementary               
47,70490,Willow Creek Elementary,"544,846",37.7,"14,441",Elementary               
47,70508,Yreka Union Elementary,"9,357,800",947.4,"9,878",Elementary               
47,70516,Yreka Union High,"8,416,421",551.3,"15,266",High                     
47,73684,Butte Valley Unified,"4,019,607",289.8,"13,872",Unified                  
47,76455,Scott Valley Unified,"7,738,589",632.0,"12,245",Unified                  
48,70524,Benicia Unified,"45,151,119","4,578.2","9,862",Unified                  
48,70532,Dixon Unified,"33,029,113","3,061.0","10,790",Unified                  
48,70540,Fairfield-Suisun Unified,"208,430,635","20,576.8","10,129",Unified                  
48,70565,Travis Unified,"54,296,711","5,258.4","10,326",Unified                  
48,70573,Vacaville Unified,"115,039,998","10,849.5","10,603",Unified                  
48,70581,Vallejo City Unified,"143,872,917","11,348.3","12,678",Unified                  
49,40246,Petaluma City Elementary/Joint Union High,"82,864,865","7,027.6","11,791",Comm admin dist          
49,40253,Santa Rosa City Schools,"173,293,176","13,878.9","12,486",Comm admin dist          
49,70599,Alexander Valley Union Elementary,"2,177,012",110.8,"19,645",Elementary               
49,70607,West Sonoma County Union High,"22,661,014","1,752.1","12,934",High                     
49,70615,Bellevue Union Elementary,"20,998,195","1,610.9","13,035",Elementary               
49,70623,Bennett Valley Union Elementary,"10,397,185",982.1,"10,587",Elementary               
49,70649,Cinnabar Elementary,"3,458,566",274.2,"12,614",Elementary               
49,70656,Cloverdale Unified,"16,975,853","1,348.0","12,593",Unified                  
49,70672,Dunham Elementary,"1,969,336",183.4,"10,739",Elementary               
49,70680,Forestville Union Elementary,"3,921,646",243.5,"16,103",Elementary               
49,70698,Fort Ross Elementary,"686,141",17.8,"38,656",Elementary               
49,70706,Geyserville Unified,"3,989,040",224.7,"17,757",Unified                  
49,70714,Gravenstein Union Elementary,"7,152,133",707.5,"10,110",Elementary               
49,70722,Guerneville Elementary,"3,484,684",253.8,"13,729",Elementary               
49,70730,Harmony Union Elementary,"4,101,738",238.9,"17,171",Elementary               
49,70763,Horicon Elementary,"1,704,306",55.5,"30,692",Elementary               
49,70789,Kenwood Elementary,"2,445,784",130.8,"18,699",Elementary               
49,70797,Liberty Elementary,"2,487,004",209.6,"11,863",Elementary               
49,70805,Mark West Union Elementary,"14,252,360","1,257.8","11,331",Elementary               
49,70813,Monte Rio Union Elementary,"1,666,395",85.1,"19,593",Elementary               
49,70821,Montgomery Elementary,"687,307",31.7,"21,716",Elementary               
49,70839,Oak Grove Union Elementary,"9,763,984",819.6,"11,913",Elementary               
49,70847,Old Adobe Union Elementary,"23,361,490","1,782.7","13,104",Elementary               
49,70870,Piner-Olivet Union Elementary,"12,969,544",975.8,"13,292",Elementary               
49,70888,Kashia Elementary,"293,804",9.7,"30,258",Elementary               
49,70896,Rincon Valley Union Elementary,"32,102,211","2,980.4","10,771",Elementary               
49,70904,Roseland Elementary,"29,174,789","1,359.5","21,460",Elementary               
49,70938,Sebastopol Union Elementary,"6,661,188",474.1,"14,050",Elementary               
49,70953,Sonoma Valley Unified,"49,827,396","3,725.0","13,377",Unified                  
49,70961,Twin Hills Union Elementary,"7,791,257",642.0,"12,136",Elementary               
49,70979,Two Rock Union Elementary,"2,067,477",149.3,"13,852",Elementary               
49,70995,Waugh Elementary,"8,157,197",839.2,"9,721",Elementary               
49,71001,West Side Union Elementary,"1,985,445",174.7,"11,367",Elementary               
49,71019,Wilmar Union Elementary,"2,358,304",242.0,"9,744",Elementary               
49,71035,Wright Elementary,"18,104,412","1,493.7","12,120",Elementary               
49,73882,Cotati-Rohnert Park Unified,"63,609,131","5,506.8","11,551",Unified                  
49,75358,Windsor Unified,"42,600,097","3,741.4","11,386",Unified                  
49,75390,Healdsburg Unified,"22,030,178","1,453.5","15,156",Unified                  
50,40717,Modesto City Schools,"345,931,329","28,415.1","12,174",Comm admin dist          
50,71043,Ceres Unified,"144,409,508","12,971.0","11,133",Unified                  
50,71050,Chatom Union Elementary,"6,349,210",560.7,"11,323",Elementary               
50,71068,Denair Unified,"15,306,491","1,212.8","12,621",Unified                  
50,71076,Empire Union Elementary,"28,718,969","2,852.5","10,068",Elementary               
50,71084,Gratton Elementary,"1,426,831",141.8,"10,062",Elementary               
50,71092,Hart-Ransom Union Elementary,"7,984,188",789.9,"10,108",Elementary               
50,71100,Hickman Community Charter,"9,032,538","1,027.4","8,791",Elementary               
50,71134,Keyes Union Elementary,"8,668,885",766.8,"11,306",Elementary               
50,71142,Knights Ferry Elementary,"1,131,295",137.6,"8,222",Elementary               
50,71209,Paradise Elementary,"1,951,748",181.5,"10,753",Elementary               
50,71217,Patterson Joint Unified,"66,020,120","5,780.4","11,421",Unified                  
50,71233,Roberts Ferry Union Elementary,"1,441,312",141.0,"10,226",Elementary               
50,71266,Salida Union Elementary,"24,680,819","2,277.0","10,839",Elementary               
50,71274,Shiloh Elementary,"1,571,853",159.6,"9,851",Elementary               
50,71282,Stanislaus Union Elementary,"35,063,131","3,378.4","10,379",Elementary               
50,71290,Sylvan Union Elementary,"75,628,976","7,742.4","9,768",Elementary               
50,71324,Valley Home Joint Elementary,"1,582,098",161.2,"9,812",Elementary               
50,73601,Newman-Crows Landing Unified,"33,439,764","3,020.9","11,069",Unified                  
50,75549,Hughson Unified,"22,341,720","1,967.9","11,353",Unified                  
50,75556,Riverbank Unified,"31,757,050","2,266.8","14,010",Unified                  
50,75564,Oakdale Joint Unified,"53,189,757","4,997.1","10,644",Unified                  
50,75572,Waterford Unified,"21,219,592","1,688.2","12,569",Unified                  
50,75739,Turlock Unified,"142,328,712","13,406.6","10,616",Unified                  
51,71357,Brittan Elementary,"3,811,150",429.6,"8,872",Elementary               
51,71365,Browns Elementary,"1,576,926",145.5,"10,841",Elementary               
51,71373,East Nicolaus Joint Union High,"3,391,998",296.8,"11,429",High                     
51,71381,Franklin Elementary,"4,078,785",455.5,"8,955",Elementary               
51,71399,Live Oak Unified,"19,940,840","1,782.0","11,190",Unified                  
51,71407,Marcum-Illinois Union Elementary,"2,115,534",149.3,"14,172",Elementary               
51,71415,Meridian Elementary,"937,315",64.6,"14,510",Elementary               
51,71423,Nuestro Elementary,"1,461,131",145.5,"10,039",Elementary               
51,71431,Pleasant Grove Joint Union Elementary,"1,688,723",178.3,"9,471",Elementary               
51,71449,Sutter Union High,"7,522,999",737.3,"10,203",High                     
51,71456,Winship-Robbins Elementary,"1,649,042",134.0,"12,304",Elementary               
51,71464,Yuba City Unified,"139,372,665","11,785.6","11,826",Unified                  
52,71472,Antelope Elementary,"7,422,285",717.5,"10,345",Elementary               
52,71498,Corning Union Elementary,"21,289,913","2,011.0","10,587",Elementary               
52,71506,Corning Union High,"11,492,215",919.1,"12,503",High                     
52,71514,Elkins Elementary,"184,745",15.2,"12,162",Elementary               
52,71522,Evergreen Union Elementary,"10,282,435","1,048.1","9,811",Elementary               
52,71530,Flournoy Union Elementary,"345,173",27.5,"12,570",Elementary               
52,71548,Gerber Union Elementary,"4,655,582",388.7,"11,977",Elementary               
52,71555,Kirkwood Elementary,"1,022,853",95.3,"10,732",Elementary               
52,71563,Lassen View Union Elementary,"2,840,610",323.5,"8,781",Elementary               
52,71571,Los Molinos Unified,"7,163,469",555.0,"12,907",Unified                  
52,71621,Red Bluff Union Elementary,"21,982,673","1,939.2","11,336",Elementary               
52,71639,Red Bluff Joint Union High,"20,161,181","1,499.3","13,447",High                     
52,71647,Reeds Creek Elementary,"1,297,687",156.0,"8,318",Elementary               
52,71654,Richfield Elementary,"2,172,596",240.8,"9,024",Elementary               
53,71662,Burnt Ranch Elementary,"1,218,632",80.6,"15,129",Elementary               
53,71670,Coffee Creek Elementary,"213,630",3.8,"56,817",Elementary               
53,71696,Douglas City Elementary,"1,742,005",167.7,"10,388",Elementary               
53,71738,Junction City Elementary,"862,021",56.1,"15,371",Elementary               
53,71746,Lewiston Elementary,"903,947",54.3,"16,656",Elementary               
53,71761,Trinity Center Elementary,"224,202",13.0,"17,273",Elementary               
53,73833,Southern Trinity Joint Unified,"2,358,579",76.2,"30,936",Unified                  
53,75028,Mountain Valley Unified,"4,300,782",242.1,"17,768",Unified                  
53,76513,Trinity Alps Unified,"9,269,783",704.2,"13,164",Unified                  
54,71795,Allensworth Elementary,"987,297",79.5,"12,427",Elementary               
54,71803,Alpaugh Unified,"4,332,418",306.9,"14,118",Unified                  
54,71811,Alta Vista Elementary,"6,186,757",542.0,"11,416",Elementary               
54,71829,Buena Vista Elementary,"2,027,168",203.7,"9,950",Elementary               
54,71837,Burton Elementary,"47,919,869","4,757.4","10,073",Elementary               
54,71852,Columbine Elementary,"1,889,579",191.0,"9,892",Elementary               
54,71860,Cutler-Orosi Joint Unified,"46,621,835","3,985.3","11,699",Unified                  
54,71894,Ducor Union Elementary,"1,898,100",155.8,"12,181",Elementary               
54,71902,Earlimart Elementary,"22,019,700","1,747.6","12,600",Elementary               
54,71944,Hope Elementary,"2,437,610",238.9,"10,206",Elementary               
54,71951,Hot Springs Elementary,"276,833",16.3,"17,036",Elementary               
54,71969,Kings River Union Elementary,"5,027,938",444.4,"11,313",Elementary               
54,71985,Liberty Elementary,"4,605,464",607.1,"7,586",Elementary               
54,71993,Lindsay Unified,"56,858,330","3,944.1","14,416",Unified                  
54,72009,Monson-Sultana Joint Union Elementary,"4,805,755",455.7,"10,547",Elementary               
54,72017,Oak Valley Union Elementary,"5,080,166",546.8,"9,292",Elementary               
54,72025,Outside Creek Elementary,"946,322",84.6,"11,190",Elementary               
54,72033,Palo Verde Union Elementary,"5,323,444",552.7,"9,631",Elementary               
54,72041,Pixley Union Elementary,"13,473,025","1,032.7","13,047",Elementary               
54,72058,Pleasant View Elementary,"5,300,643",460.6,"11,507",Elementary               
54,72082,Richgrove Elementary,"8,859,710",596.2,"14,859",Elementary               
54,72090,Rockford Elementary,"3,540,932",343.4,"10,313",Elementary               
54,72108,Saucelito Elementary,"1,127,014",83.1,"13,570",Elementary               
54,72116,Sequoia Union Elementary,"3,274,499",321.1,"10,199",Elementary               
54,72132,Springville Union Elementary,"2,921,282",315.0,"9,274",Elementary               
54,72140,Stone Corral Elementary,"1,671,717",121.7,"13,735",Elementary               
54,72157,Strathmore Union Elementary,"8,379,068",756.8,"11,072",Elementary               
54,72173,Sundale Union Elementary,"7,560,052",803.2,"9,412",Elementary               
54,72181,Sunnyside Union Elementary,"4,034,133",345.6,"11,673",Elementary               
54,72199,Terra Bella Union Elementary,"10,492,568",884.6,"11,861",Elementary               
54,72207,Three Rivers Union Elementary,"1,209,478",137.2,"8,817",Elementary               
54,72215,Tipton Elementary,"6,065,159",555.1,"10,927",Elementary               
54,72223,Traver Joint Elementary,"2,544,510",209.7,"12,136",Elementary               
54,72231,Tulare City Elementary,"99,625,629","9,247.6","10,773",Elementary               
54,72249,Tulare Joint Union High,"68,147,082","5,274.4","12,920",High                     
54,72256,Visalia Unified,"291,946,925","27,508.2","10,613",Unified                  
54,72264,Waukena Joint Union Elementary,"2,484,900",208.7,"11,907",Elementary               
54,72298,Woodville Union Elementary,"5,492,659",418.6,"13,122",Elementary               
54,75325,Farmersville Unified,"30,294,612","2,395.1","12,649",Unified                  
54,75523,Porterville Unified,"147,210,720","12,833.6","11,471",Unified                  
54,75531,Dinuba Unified,"71,708,443","6,277.3","11,423",Unified                  
54,76794,Woodlake Unified,"25,462,900","2,042.0","12,470",Unified                  
54,76836,Exeter Unified,"29,299,289","2,685.6","10,910",Unified                  
55,72306,Belleview Elementary,"1,733,130",148.1,"11,702",Elementary               
55,72348,Columbia Union Elementary,"4,861,009",469.7,"10,350",Elementary               
55,72355,Curtis Creek Elementary,"4,706,339",422.9,"11,129",Elementary               
55,72363,Jamestown Elementary,"3,854,460",318.6,"12,099",Elementary               
55,72371,Sonora Elementary,"6,399,263",719.3,"8,896",Elementary               
55,72389,Sonora Union High,"12,081,331",964.7,"12,523",High                     
55,72397,Soulsbyville Elementary,"4,457,866",512.3,"8,702",Elementary               
55,72405,Summerville Elementary,"3,620,002",375.7,"9,635",Elementary               
55,72413,Summerville Union High,"6,289,598",391.0,"16,088",High                     
55,72421,Twain Harte Elementary,"3,540,043",247.9,"14,281",Elementary               
55,75184,Big Oak Flat-Groveland Unified,"5,175,045",266.5,"19,419",Unified                  
56,72447,Briggs Elementary,"5,849,187",535.5,"10,924",Elementary               
56,72454,Fillmore Unified,"43,580,211","3,588.2","12,146",Unified                  
56,72462,Hueneme Elementary,"91,151,236","8,112.0","11,237",Elementary               
56,72470,Mesa Union Elementary,"5,900,730",593.5,"9,943",Elementary               
56,72504,Mupu Elementary,"1,483,440",148.4,"9,996",Elementary               
56,72512,Ocean View Elementary,"26,398,766","2,496.2","10,575",Elementary               
56,72520,Ojai Unified,"25,211,825","2,294.9","10,986",Unified                  
56,72538,Oxnard Elementary,"189,019,124","15,983.6","11,826",Elementary               
56,72546,Oxnard Union High,"181,624,515","15,299.0","11,872",High                     
56,72553,Pleasant Valley,"60,837,077","6,130.6","9,924",Elementary               
56,72561,Rio Elementary,"53,332,547","4,916.2","10,848",Elementary               
56,72579,Santa Clara Elementary,"613,626",56.5,"10,857",Elementary               
56,72603,Simi Valley Unified,"166,206,169","15,970.4","10,407",Unified                  
56,72611,Somis Union Elementary,"2,851,415",244.7,"11,655",Elementary               
56,72652,Ventura Unified,"174,441,131","15,905.9","10,967",Unified                  
56,73759,Conejo Valley Unified,"183,305,848","18,101.7","10,126",Unified                  
56,73874,Oak Park Unified,"42,742,731","4,411.3","9,689",Unified                  
56,73940,Moorpark Unified,"60,094,659","6,017.0","9,988",Unified                  
56,76828,Santa Paula Unified,"66,140,006","5,105.1","12,956",Unified                  
57,72678,Davis Joint Unified,"92,803,867","7,695.4","12,060",Unified                  
57,72686,Esparto Unified,"10,700,299",876.5,"12,208",Unified                  
57,72694,Washington Unified,"87,230,453","7,391.3","11,802",Unified                  
57,72702,Winters Joint Unified,"17,297,066","1,456.5","11,876",Unified                  
57,72710,Woodland Joint Unified,"109,900,402","9,352.1","11,751",Unified                  
58,72728,Camptonville Elementary,"751,079",53.7,"13,994",Elementary               
58,72736,Marysville Joint Unified,"103,835,379","9,009.7","11,525",Unified                  
58,72744,Plumas Lake Elementary,"11,727,644","1,220.2","9,611",Elementary               
58,72751,Wheatland Elementary,"15,429,178","1,220.3","12,643",Elementary               
58,72769,Wheatland Union High,"8,445,348",725.7,"11,637",High                     
