DISTRICT,CO,CDS,EDP 365,Current Expense ADA,Current Expense per ADA,LEA Type,enroll12,NumTstTakr,NumCurrElaBenchmark,NumPreElaBenchmark,TotNumElaBenchmark,PctElaBenchmark,NumCurrMathBenchmark,NumPreMathBenchmark,TotNumMathBenchmark,PctMathBenchmark,TotNumBothBenchmark,PctBothBenchmark
ABC Unified,19,64212,"215,049,027","19,855.3","10,831",Unified                  ,1810,1005,822,6,828,82.39,665,5,670,66.67,644,64.08
Acalanes Union High,7,61630,"74,213,974","5,404.7","13,731",High                     ,1426,761,728,3,731,96.06,676,3,679,89.22,673,88.44
Acton-Agua Dulce Unified,19,75309,"14,550,055","1,026.6","14,173",Unified                  ,1180,134,97,0,97,72.39,66,0,66,49.25,64,47.76
Alameda Unified,1,61119,"108,302,935","9,066.4","11,946",Unified                  ,946,551,465,1,466,84.57,398,1,399,72.41,391,70.96
Albany City Unified,1,61127,"45,683,532","3,537.4","12,914",Unified                  ,279,166,156,0,156,93.98,148,0,148,89.16,146,87.95
Alhambra Unified,19,75713,"199,924,954","16,352.4","12,226",Unified                  ,1946,1180,972,0,972,82.37,859,0,859,72.80,799,67.71
Alvord Unified,33,66977,"222,113,522","17,977.8","12,355",Unified                  ,1545,1358,619,0,619,45.58,334,0,334,24.59,295,21.72
Amador County Unified,3,73981,"33,806,573","3,732.1","9,058",Unified                  ,322,88,79,0,79,89.77,60,0,60,68.18,59,67.05
Anaheim Union High,30,66431,"340,884,951","29,121.2","11,706",High                     ,5328,2101,1623,5,1628,77.49,1150,6,1156,55.02,1103,52.50
Anderson Union High,45,69856,"18,836,322","1,441.7","13,065",High                     ,436,126,101,0,101,80.16,70,0,70,55.56,65,51.59
Anderson Valley Unified,23,65540,"7,752,326",452.7,"17,124",Unified                  ,36,15,10,0,10,66.67,6,0,6,40.00,6,40.00
Antelope Valley Union High,19,64246,"256,184,424","19,360.5","13,232",High                     ,5667,1875,1172,1,1173,62.56,577,1,578,30.83,547,29.17
Antioch Unified,7,61648,"189,826,404","15,718.3","12,077",Unified                  ,1507,420,320,0,320,76.19,202,0,202,48.10,196,46.67
Apple Valley Unified,36,75077,"142,832,814","12,256.1","11,654",Unified                  ,1024,301,211,0,211,70.10,120,0,120,39.87,112,37.21
Arcadia Unified,19,64261,"101,395,950","9,209.9","11,009",Unified                  ,892,637,600,1,601,94.35,572,1,573,89.95,560,87.91
Atascadero Unified,40,68700,"45,624,457","4,484.0","10,175",Unified                  ,362,103,97,0,97,94.17,76,0,76,73.79,75,72.82
Azusa Unified,19,64279,"107,281,500","7,964.3","13,470",Unified                  ,683,249,152,0,152,61.04,80,0,80,32.13,71,28.51
Baldwin Park Unified,19,64287,"162,058,735","12,470.5","12,995",Unified                  ,1923,571,402,1,403,70.58,209,0,209,36.60,196,34.33
Banning Unified,33,66985,"54,654,399","4,226.2","12,932",Unified                  ,354,104,63,0,63,60.58,39,0,39,37.50,29,27.88
Barstow Unified,36,67611,"65,007,114","5,792.0","11,224",Unified                  ,377,85,55,0,55,64.71,37,0,37,43.53,33,38.82
Bassett Unified,19,64295,"47,437,464","3,415.9","13,887",Unified                  ,302,144,78,0,78,54.17,55,0,55,38.19,49,34.03
Bear Valley Unified,36,67637,"27,454,822","2,330.0","11,783",Unified                  ,195,58,51,0,51,87.93,45,0,45,77.59,43,74.14
Beaumont Unified,33,66993,"100,905,897","9,517.9","10,602",Unified                  ,672,562,290,0,290,51.60,130,0,130,23.13,125,22.24
Bellflower Unified,19,64303,"134,921,182","11,557.6","11,674",Unified                  ,930,344,257,0,257,74.71,163,0,163,47.38,153,44.48
Benicia Unified,48,70524,"45,151,119","4,578.2","9,862",Unified                  ,426,217,196,0,196,90.32,172,0,172,79.26,168,77.42
Berkeley Unified,1,61143,"144,637,240","9,345.8","15,476",Unified                  ,878,450,378,1,379,84.22,298,1,299,66.44,294,65.33
Beverly Hills Unified,19,64311,"65,551,729","3,773.7","17,371",Unified                  ,399,218,207,1,208,95.41,185,1,186,85.32,184,84.40
Bishop Unified,14,76687,"20,968,529","1,823.9","11,497",Unified                  ,154,53,42,0,42,79.25,29,0,29,54.72,27,50.94
Black Oak Mine Unified,9,73783,"10,609,128",992.7,"10,687",Unified                  ,100,30,28,0,28,93.33,22,0,22,73.33,21,70.00
Bonita Unified,19,64329,"102,533,880","9,733.3","10,534",Unified                  ,842,446,366,0,366,82.06,260,0,260,58.30,247,55.38
Bonsall Unified,37,76851,"23,927,811","2,264.1","10,568",Unified                  ,92,38,32,0,32,84.21,20,0,20,52.63,19,50.00
Borrego Springs Unified,37,67983,"6,119,134",379.7,"16,116",Unified                  ,268,26,17,0,17,65.38,7,0,7,26.92,7,26.92
Brawley Union High,13,63081,"22,271,328","1,757.0","12,676",High                     ,450,155,104,0,104,67.10,60,0,60,38.71,57,36.77
Brea-Olinda Unified,30,66449,"56,497,884","5,714.8","9,886",Unified                  ,480,204,189,1,190,93.14,159,1,160,78.43,156,76.47
Bret Harte Union High,5,61556,"10,510,411",621.9,"16,902",High                     ,163,63,57,0,57,90.48,47,0,47,74.60,45,71.43
Burbank Unified,19,64337,"156,850,436","14,574.2","10,762",Unified                  ,1361,669,587,0,587,87.74,485,0,485,72.50,466,69.66
Burton Elementary,54,71837,"47,919,869","4,757.4","10,073",Elementary               ,87,32,19,0,19,59.38,8,0,8,25.00,8,25.00
Cabrillo Unified,41,68890,"36,926,961","3,089.9","11,951",Unified                  ,274,115,89,1,90,78.26,77,1,78,67.83,74,64.35
Calaveras Unified,5,61564,"30,556,709","2,667.7","11,454",Unified                  ,230,86,71,0,71,82.56,60,0,60,69.77,57,66.28
Calexico Unified,13,63099,"103,545,070","8,763.2","11,816",Unified                  ,740,220,151,0,151,68.64,97,0,97,44.09,84,38.18
Calipatria Unified,13,63107,"14,695,227","1,118.9","13,134",Unified                  ,95,31,24,0,24,77.42,16,0,16,51.61,15,48.39
Calistoga Joint Unified,28,66241,"14,762,640",821.4,"17,972",Unified                  ,50,26,15,0,15,57.69,10,0,10,38.46,9,34.62
Campbell Union High,43,69401,"99,615,719","7,589.2","13,126",High                     ,1912,1033,935,1,936,90.61,772,1,773,74.83,756,73.18
Capistrano Unified,30,66464,"471,585,268","45,844.1","10,287",Unified                  ,4606,2156,2028,8,2036,94.43,1691,7,1698,78.76,1671,77.50
Carlsbad Unified,37,73551,"110,042,716","10,888.9","10,106",Unified                  ,950,483,451,2,453,93.79,380,2,382,79.09,377,78.05
Carmel Unified,27,65987,"53,157,863","2,362.1","22,504",Unified                  ,213,30,29,1,30,100.00,27,1,28,93.33,28,93.33
Carpinteria Unified,42,69146,"29,489,369","2,092.3","14,094",Unified                  ,173,63,48,0,48,76.19,37,0,37,58.73,35,55.56
Caruthers Unified,10,75598,"16,839,657","1,388.3","12,130",Unified                  ,138,54,28,0,28,51.85,15,0,15,27.78,14,25.93
Castro Valley Unified,1,61150,"92,677,106","8,951.2","10,354",Unified                  ,775,461,425,0,425,92.19,360,0,360,78.09,352,76.36
Center Joint Unified,34,73973,"47,920,959","4,066.0","11,786",Unified                  ,322,81,69,0,69,85.19,62,0,62,76.54,54,66.67
Centinela Valley Union High,19,64352,"84,386,542","5,964.6","14,148",High                     ,1866,810,443,0,443,54.69,207,0,207,25.56,193,23.83
Central Unified,10,73965,"161,722,109","15,004.6","10,778",Unified                  ,1036,395,269,0,269,68.10,151,0,151,38.23,144,36.46
Central Union High,13,63115,"46,981,609","3,979.2","11,807",High                     ,924,304,236,0,236,77.63,153,0,153,50.33,143,47.04
Ceres Unified,50,71043,"144,409,508","12,971.0","11,133",Unified                  ,1038,434,257,0,257,59.22,119,0,119,27.42,109,25.12
Chaffey Joint Union High,36,67652,"264,390,996","22,743.0","11,625",High                     ,6014,3244,2381,4,2385,73.52,1655,3,1658,51.11,1563,48.18
Charter Oak Unified,19,64378,"51,054,738","4,613.1","11,067",Unified                  ,443,229,171,1,172,75.11,127,0,127,55.46,122,53.28
Chawanakee Unified,20,75606,"7,402,827",626.2,"11,822",Unified                  ,120,33,22,0,22,66.67,8,0,8,24.24,8,24.24
Chico Unified,4,61424,"130,799,476","11,614.4","11,262",Unified                  ,1113,396,350,1,351,88.64,305,1,306,77.27,294,74.24
Chino Valley Unified,36,67678,"274,295,122","27,068.7","10,133",Unified                  ,2459,2324,1452,1,1453,62.52,930,1,931,40.06,875,37.65
Chowchilla Union High,20,65201,"11,966,815","1,012.4","11,820",High                     ,238,64,48,0,48,75.00,22,0,22,34.38,21,32.81
Chula Vista Elementary,37,68023,"264,265,365","22,631.3","11,677",Elementary               ,155,128,76,0,76,59.38,36,0,36,28.13,32,25.00
Claremont Unified,19,64394,"72,975,758","6,758.0","10,798",Unified                  ,665,403,353,3,356,88.34,285,3,288,71.46,282,69.98
Cloverdale Unified,49,70656,"16,975,853","1,348.0","12,593",Unified                  ,111,32,25,0,25,78.13,17,0,17,53.13,17,53.13
Clovis Unified,10,62117,"424,999,863","40,856.9","10,402",Unified                  ,3428,1696,1443,1,1444,85.14,1074,1,1075,63.38,1032,60.85
Coachella Valley Unified,33,73676,"241,945,479","17,263.3","14,015",Unified                  ,1316,483,221,0,221,45.76,92,0,92,19.05,82,16.98
Coalinga-Huron Unified,10,62125,"51,702,419","4,194.2","12,327",Unified                  ,299,59,38,0,38,64.41,20,0,20,33.90,16,27.12
Coast Unified,40,75465,"11,790,929",576.7,"20,446",Unified                  ,67,31,25,0,25,80.65,22,0,22,70.97,21,67.74
Colton Joint Unified,36,67686,"251,850,973","21,322.3","11,812",Unified                  ,1664,537,340,0,340,63.31,166,0,166,30.91,147,27.37
Colusa Unified,6,61598,"14,552,036","1,416.8","10,271",Unified                  ,109,42,29,0,29,69.05,24,0,24,57.14,22,52.38
Compton Unified,19,73437,"276,015,828","20,979.0","13,157",Unified                  ,1403,894,269,0,269,30.09,83,0,83,9.28,72,8.05
Conejo Valley Unified,56,73759,"183,305,848","18,101.7","10,126",Unified                  ,1838,992,945,0,945,95.26,827,0,827,83.37,817,82.36
Corcoran Joint Unified,16,63891,"36,369,862","3,139.1","11,586",Unified                  ,190,70,29,0,29,41.43,13,0,13,18.57,10,14.29
Corning Union High,52,71506,"11,492,215",919.1,"12,503",High                     ,235,68,44,0,44,64.71,23,0,23,33.82,22,32.35
Corona-Norco Unified,33,67033,"557,879,039","51,022.5","10,934",Unified                  ,4536,2344,1861,4,1865,79.56,1375,3,1378,58.79,1315,56.10
Coronado Unified,37,68031,"35,037,167","2,840.9","12,333",Unified                  ,312,213,203,0,203,95.31,176,0,176,82.63,173,81.22
Cotati-Rohnert Park Unified,49,73882,"63,609,131","5,506.8","11,551",Unified                  ,483,185,153,0,153,82.70,119,0,119,64.32,117,63.24
Covina-Valley Unified,19,64436,"138,207,734","11,388.8","12,135",Unified                  ,1185,1121,524,0,524,46.74,313,0,313,27.92,285,25.42
Culver City Unified,19,64444,"79,473,441","6,744.3","11,784",Unified                  ,520,292,259,0,259,88.70,162,0,162,55.48,160,54.79
Cutler-Orosi Joint Unified,54,71860,"46,621,835","3,985.3","11,699",Unified                  ,319,145,62,0,62,42.76,27,0,27,18.62,22,15.17
Davis Joint Unified,57,72678,"92,803,867","7,695.4","12,060",Unified                  ,723,504,471,2,473,93.85,445,2,447,88.69,440,87.30
Dehesa Elementary,37,68049,"3,812,067",133.8,"28,497",Elementary               ,293,31,29,0,29,93.55,13,0,13,41.94,13,41.94
Del Norte County Unified,8,61820,"40,373,281","3,366.5","11,993",Unified                  ,254,72,56,0,56,77.78,42,0,42,58.33,39,54.17
Delano Joint Union High,15,63412,"53,911,865","4,067.2","13,255",High                     ,1014,473,279,0,279,58.99,170,0,170,35.94,151,31.92
Delhi Unified,24,75366,"30,919,811","2,456.9","12,585",Unified                  ,188,95,57,0,57,60.00,18,0,18,18.95,16,16.84
Denair Unified,50,71068,"15,306,491","1,212.8","12,621",Unified                  ,161,24,15,1,16,66.67,8,1,9,37.50,8,33.33
Desert Sands Unified,33,67058,"310,219,104","24,791.1","12,513",Unified                  ,2234,967,698,0,698,72.18,378,0,378,39.09,366,37.85
Dinuba Unified,54,75531,"71,708,443","6,277.3","11,423",Unified                  ,502,143,86,0,86,60.14,36,0,36,25.17,35,24.48
Dixon Unified,48,70532,"33,029,113","3,061.0","10,790",Unified                  ,310,120,85,0,85,70.83,74,0,74,61.67,65,54.17
Dos Palos Oro Loma Joint Unified,24,75317,"26,654,580","2,262.9","11,779",Unified                  ,188,69,36,0,36,52.17,23,0,23,33.33,21,30.43
Downey Unified,19,64451,"255,027,469","21,096.4","12,089",Unified                  ,2036,1075,771,0,771,71.72,464,0,464,43.16,432,40.19
Duarte Unified,19,64469,"45,037,022","3,430.3","13,129",Unified                  ,309,108,68,0,68,62.96,45,0,45,41.67,40,37.04
Dublin Unified,1,75093,"107,678,950","11,044.6","9,749",Unified                  ,582,523,422,2,424,81.07,347,2,349,66.73,336,64.24
Durham Unified,4,61432,"10,113,069",968.4,"10,443",Unified                  ,61,36,30,0,30,83.33,15,0,15,41.67,13,36.11
East Nicolaus Joint Union High,51,71373,"3,391,998",296.8,"11,429",High                     ,76,35,24,0,24,68.57,20,0,20,57.14,17,48.57
East Side Union High,43,69427,"262,996,597","21,977.3","11,967",High                     ,6909,3420,2613,6,2619,76.58,2107,5,2112,61.75,2000,58.48
Eastern Sierra Unified,26,73668,"9,497,335",390.9,"24,299",Unified                  ,20,18,12,0,12,66.67,7,0,7,38.89,7,38.89
El Dorado Union High,9,61853,"71,521,973","6,273.1","11,401",High                     ,1630,771,700,2,702,91.05,639,2,641,83.14,614,79.64
El Monte Union High,19,64519,"119,220,411","8,376.4","14,233",High                     ,2309,1836,993,0,993,54.08,650,0,650,35.40,581,31.64
El Rancho Unified,19,64527,"93,952,601","8,239.9","11,402",Unified                  ,728,398,253,0,253,63.57,159,0,159,39.95,149,37.44
El Segundo Unified,19,64535,"36,577,956","3,371.2","10,850",Unified                  ,275,169,162,0,162,95.86,132,0,132,78.11,132,78.11
El Tejon Unified,15,75168,"8,038,408",651.9,"12,330",Unified                  ,79,23,18,0,18,78.26,10,0,10,43.48,10,43.48
Elk Grove Unified,34,67314,"661,563,883","59,748.8","11,072",Unified                  ,4915,2623,2061,3,2064,78.69,1585,3,1588,60.54,1503,57.30
Emery Unified,1,61168,"11,468,178",646.0,"17,754",Unified                  ,39,25,13,0,13,52.00,6,0,6,24.00,6,24.00
Escalon Unified,39,68502,"24,966,773","2,488.2","10,034",Unified                  ,207,74,65,0,65,87.84,48,0,48,64.86,47,63.51
Escondido Union High,37,68106,"91,663,311","7,015.2","13,066",High                     ,2425,1098,856,2,858,78.14,573,1,574,52.28,552,50.27
Esparto Unified,57,72686,"10,700,299",876.5,"12,208",Unified                  ,80,51,26,0,26,50.98,14,0,14,27.45,14,27.45
Exeter Unified,54,76836,"29,299,289","2,685.6","10,910",Unified                  ,273,66,53,0,53,80.30,26,0,26,39.39,26,39.39
Fairfield-Suisun Unified,48,70540,"208,430,635","20,576.8","10,129",Unified                  ,1622,550,431,0,431,78.36,295,0,295,53.64,277,50.36
Fall River Joint Unified,45,69989,"14,416,768","1,102.4","13,078",Unified                  ,77,24,23,0,23,95.83,22,0,22,91.67,21,87.50
Fallbrook Union High,37,68122,"28,408,432","2,034.6","13,963",High                     ,542,184,133,0,133,72.28,94,0,94,51.09,88,47.83
Farmersville Unified,54,75325,"30,294,612","2,395.1","12,649",Unified                  ,206,70,18,0,18,25.71,3,0,3,4.29,3,4.29
Fillmore Unified,56,72454,"43,580,211","3,588.2","12,146",Unified                  ,273,93,61,0,61,65.59,47,0,47,50.54,40,43.01
Firebaugh-Las Deltas Unified,10,73809,"27,694,504","2,179.8","12,705",Unified                  ,169,83,35,0,35,42.17,9,0,9,10.84,8,9.64
Folsom-Cordova Unified,34,67330,"208,367,798","19,356.3","10,765",Unified                  ,1553,663,607,3,610,92.01,546,3,549,82.81,535,80.69
Fontana Unified,36,67710,"427,721,458","35,572.9","12,024",Unified                  ,3111,1229,754,0,754,61.35,387,0,387,31.49,352,28.64
Fort Bragg Unified,23,65565,"21,463,854","1,684.6","12,741",Unified                  ,140,61,50,0,50,81.97,32,0,32,52.46,32,52.46
Fortuna Union High,12,62810,"12,517,768",986.8,"12,685",High                     ,242,82,65,0,65,79.27,43,0,43,52.44,40,48.78
Fowler Unified,10,62158,"28,644,859","2,498.9","11,463",Unified                  ,191,111,61,0,61,54.95,24,0,24,21.62,20,18.02
Fremont Unified,1,61176,"361,573,564","34,247.1","10,558",Unified                  ,2686,1716,1595,31,1626,94.76,1466,31,1497,87.24,1473,85.84
Fremont Union High,43,69468,"152,089,367","10,701.3","14,212",High                     ,2745,1731,1628,38,1666,96.24,1559,38,1597,92.26,1581,91.33
Fresno Unified,10,62166,"865,445,277","66,400.9","13,034",Unified                  ,4647,3272,1600,3,1603,48.99,806,2,808,24.69,727,22.22
Fullerton Joint Union High,30,66514,"147,014,641","13,208.5","11,130",High                     ,3611,1828,1545,16,1561,85.39,1319,16,1335,73.03,1287,70.40
Galt Joint Union High,34,67355,"25,551,894","2,021.5","12,640",High                     ,546,186,135,0,135,72.58,103,0,103,55.38,98,52.69
Garden Grove Unified,30,66522,"501,285,224","41,695.9","12,022",Unified                  ,3785,2209,1695,2,1697,76.82,1294,1,1295,58.62,1208,54.69
Gateway Unified,45,75267,"28,691,067","2,140.9","13,401",Unified                  ,182,47,32,0,32,68.09,16,0,16,34.04,16,34.04
Gilroy Unified,43,69484,"121,939,092","10,610.4","11,492",Unified                  ,919,396,320,1,321,81.06,230,0,230,58.08,222,56.06
Glendale Unified,19,64568,"294,016,618","25,121.0","11,704",Unified                  ,2071,916,808,5,813,88.76,696,5,701,76.53,674,73.58
Glendora Unified,19,64576,"76,250,695","7,188.7","10,607",Unified                  ,733,405,362,0,362,89.38,313,0,313,77.28,299,73.83
Golden Plains Unified,10,75234,"22,723,900","1,593.7","14,258",Unified                  ,91,47,17,0,17,36.17,7,0,7,14.89,7,14.89
Golden Valley Unified,20,75580,"19,334,798","1,881.0","10,279",Unified                  ,142,63,53,0,53,84.13,30,0,30,47.62,29,46.03
Gonzales Unified,27,75473,"29,003,295","2,261.4","12,826",Unified                  ,209,85,51,1,52,61.18,22,1,23,27.06,20,23.53
Gorman Joint,19,64584,"1,167,305",75.7,"15,424",Elementary               ,212,23,17,0,17,73.91,10,0,10,43.48,10,43.48
Gridley Unified,4,75507,"20,497,499","1,933.3","10,603",Unified                  ,143,40,36,0,36,90.00,31,0,31,77.50,28,70.00
Grossmont Union High,37,68130,"210,836,231","15,571.9","13,540",High                     ,5405,2261,1816,1,1817,80.36,1413,0,1413,62.49,1347,59.58
Gustine Unified,24,73619,"19,209,428","1,746.7","10,998",Unified                  ,147,66,42,0,42,63.64,16,0,16,24.24,16,24.24
Hamilton Unified,11,76562,"7,471,979",677.5,"11,028",Unified                  ,70,25,18,0,18,72.00,11,0,11,44.00,11,44.00
Hanford Joint Union High,16,63925,"40,885,640","3,547.1","11,527",High                     ,853,250,177,0,177,70.80,116,0,116,46.40,108,43.20
Hayward Unified,1,61192,"249,986,063","19,355.4","12,916",Unified                  ,1655,709,463,0,463,65.30,297,0,297,41.89,278,39.21
Healdsburg Unified,49,75390,"22,030,178","1,453.5","15,156",Unified                  ,149,62,50,0,50,80.65,37,0,37,59.68,36,58.06
Helendale Elementary,36,67736,"6,293,404",621.3,"10,130",Elementary               ,207,42,31,0,31,73.81,14,0,14,33.33,14,33.33
Hemet Unified,33,67082,"265,095,793","20,001.3","13,254",Unified                  ,1835,1227,579,0,579,47.19,283,0,283,23.06,268,21.84
Hesperia Unified,36,75044,"231,185,965","20,488.4","11,284",Unified                  ,2009,685,441,0,441,64.38,262,0,262,38.25,239,34.89
Hilmar Unified,24,65698,"24,552,775","2,254.2","10,892",Unified                  ,162,64,41,0,41,64.06,22,0,22,34.38,22,34.38
Holtville Unified,13,63149,"18,447,405","1,501.4","12,287",Unified                  ,138,52,34,0,34,65.38,18,0,18,34.62,17,32.69
Hughson Unified,50,75549,"22,341,720","1,967.9","11,353",Unified                  ,151,65,54,0,54,83.08,32,0,32,49.23,30,46.15
Huntington Beach Union High,30,66548,"182,608,039","15,377.5","11,875",High                     ,4136,2080,1855,3,1858,89.33,1626,3,1629,78.32,1567,75.34
Imperial Unified,13,63164,"40,922,429","4,047.6","10,110",Unified                  ,262,94,73,0,73,77.66,43,0,43,45.74,42,44.68
Inglewood Unified,19,64634,"117,597,186","8,781.6","13,391",Unified                  ,734,374,177,0,177,47.33,91,0,91,24.33,77,20.59
Irvine Unified,30,73650,"353,385,092","33,642.1","10,504",Unified                  ,2474,1159,1088,39,1127,97.24,1029,40,1069,92.23,1055,91.03
Jefferson Union High,41,68924,"52,657,509","4,174.1","12,615",High                     ,1292,645,535,1,536,83.10,441,1,442,68.53,425,65.89
John Swett Unified,7,61697,"17,807,508","1,419.4","12,546",Unified                  ,145,56,32,0,32,57.14,31,0,31,55.36,26,46.43
Julian Union Elementary,37,68163,"5,451,295",286.4,"19,033",Elementary               ,196,29,23,0,23,79.31,15,0,15,51.72,14,48.28
Jurupa Unified,33,67090,"214,270,745","18,209.9","11,767",Unified                  ,1421,552,347,0,347,62.86,194,0,194,35.14,179,32.43
Kelseyville Unified,17,64014,"19,636,158","1,561.9","12,572",Unified                  ,134,64,43,0,43,67.19,22,0,22,34.38,20,31.25
Kerman Unified,10,73999,"51,323,155","4,926.8","10,417",Unified                  ,368,172,113,0,113,65.70,49,0,49,28.49,45,26.16
Kern High,15,63529,"456,668,687","36,861.3","12,389",High                     ,9852,3454,2265,3,2268,65.66,1459,1,1460,42.27,1372,39.72
Kings Canyon Joint Unified,10,62265,"109,835,091","9,181.4","11,963",Unified                  ,679,235,160,0,160,68.09,82,0,82,34.89,76,32.34
Kingsburg Joint Union High,10,62257,"12,954,620","1,098.4","11,794",High                     ,315,126,92,0,92,73.02,73,0,73,57.94,69,54.76
Klamath-Trinity Joint Unified,12,62901,"17,773,735",908.7,"19,559",Unified                  ,63,25,15,0,15,60.00,5,0,5,20.00,4,16.00
Konocti Unified,17,64022,"40,439,101","3,133.3","12,906",Unified                  ,216,36,23,0,23,63.89,7,0,7,19.44,7,19.44
La Canada Unified,19,64659,"44,684,902","4,045.2","11,046",Unified                  ,363,191,182,4,186,97.38,179,4,183,95.81,179,93.72
Laguna Beach Unified,30,66555,"53,943,320","2,787.5","19,352",Unified                  ,268,86,82,0,82,95.35,66,0,66,76.74,65,75.58
Lake Elsinore Unified,33,75176,"230,358,769","20,215.9","11,395",Unified                  ,1590,648,496,0,496,76.54,312,0,312,48.15,290,44.75
Lake Tahoe Unified,9,61903,"44,579,280","3,595.4","12,399",Unified                  ,262,105,89,1,90,85.71,72,1,73,69.52,70,66.67
Lakeport Unified,17,64030,"16,376,829","1,420.0","11,533",Unified                  ,120,32,25,0,25,78.13,25,0,25,78.13,22,68.75
Lakeside Union Elementary,15,63552,"13,255,786","1,309.3","10,124",Elementary               ,106,37,34,1,35,94.59,27,1,28,75.68,28,75.68
Lakeside Union Elementary,16,63966,"3,548,968",311.7,"11,385",Elementary               ,106,37,34,1,35,94.59,27,1,28,75.68,28,75.68
Lakeside Union Elementary,37,68189,"53,765,039","4,952.3","10,857",Elementary               ,106,37,34,1,35,94.59,27,1,28,75.68,28,75.68
Lammersville Joint Unified,39,76760,"44,935,017","4,720.7","9,519",Unified                  ,262,148,132,1,133,89.86,94,1,95,64.19,90,60.81
Las Virgenes Unified,19,64683,"115,353,617","10,902.3","10,581",Unified                  ,1052,503,476,4,480,95.43,396,4,400,79.52,398,79.13
Lassen Union High,18,64139,"9,078,379",748.5,"12,129",High                     ,189,66,49,0,49,74.24,35,0,35,53.03,32,48.48
Lawndale Elementary,19,64691,"69,065,610","5,231.3","13,202",Elementary               ,115,117,62,0,62,52.99,33,0,33,28.21,30,25.64
Laytonville Unified,23,73916,"5,165,714",344.9,"14,976",Unified                  ,30,20,17,0,17,85.00,13,0,13,65.00,13,65.00
Le Grand Union High,24,65730,"6,896,183",473.1,"14,576",High                     ,115,48,20,0,20,41.67,10,0,10,20.83,8,16.67
Lemoore Union High,16,63982,"21,260,321","1,814.1","11,720",High                     ,516,159,118,0,118,74.21,78,0,78,49.06,74,46.54
Liberty Union High,7,61721,"82,962,944","7,746.9","10,709",High                     ,2117,923,766,0,766,82.99,479,0,479,51.90,465,50.38
Lincoln Unified,39,68569,"88,013,647","8,583.4","10,254",Unified                  ,741,238,206,0,206,86.55,150,0,150,63.03,143,60.08
Linden Unified,39,68577,"23,901,297","2,159.3","11,069",Unified                  ,153,67,61,0,61,91.04,41,0,41,61.19,41,61.19
Lindsay Unified,54,71993,"56,858,330","3,944.1","14,416",Unified                  ,294,111,54,0,54,48.65,18,0,18,16.22,16,14.41
Live Oak Unified,51,71399,"19,940,840","1,782.0","11,190",Unified                  ,134,60,42,0,42,70.00,33,0,33,55.00,28,46.67
Livermore Valley Joint Unified,1,61200,"144,176,237","13,242.9","10,887",Unified                  ,1091,531,492,0,492,92.66,414,0,414,77.97,403,75.89
Lodi Unified,39,68585,"307,299,186","27,148.1","11,319",Unified                  ,2304,819,658,0,658,80.34,534,0,534,65.20,490,59.83
Lompoc Unified,42,69229,"100,928,744","9,092.6","11,100",Unified                  ,657,184,147,0,147,79.89,99,0,99,53.80,95,51.63
Long Beach Unified,19,64725,"866,039,394","70,827.0","12,228",Unified                  ,6019,4994,2724,0,2724,54.55,1597,0,1597,31.98,1519,30.42
Loomis Union Elementary,31,66845,"22,432,509","2,437.4","9,203",Elementary               ,43,23,22,0,22,95.65,19,0,19,82.61,18,78.26
Los Alamitos Unified,30,73924,"101,405,247","9,537.4","10,632",Unified                  ,831,564,523,2,525,93.09,418,2,420,74.47,412,73.05
Los Angeles Unified,19,64733,"6,740,958,848","477,630.7","14,113",Unified                  ,42372,25633,14247,13,14260,55.63,8032,11,8043,31.38,7440,29.03
Los Banos Unified,24,65755,"115,018,239","10,286.7","11,181",Unified                  ,798,266,164,0,164,61.65,98,0,98,36.84,93,34.96
Los Gatos-Saratoga Joint Union High,43,69534,"53,230,168","3,273.6","16,260",High                     ,797,589,572,6,578,98.13,538,6,544,92.36,541,91.85
Lucerne Valley Unified,36,75051,"9,925,047",680.6,"14,583",Unified                  ,191,30,22,0,22,73.33,19,0,19,63.33,17,56.67
Lucia Mar Unified,40,68759,"110,262,122","9,992.3","11,035",Unified                  ,862,382,340,1,341,89.27,268,1,269,70.42,264,69.11
Lynwood Unified,19,64774,"161,175,645","13,313.8","12,106",Unified                  ,1133,932,323,0,323,34.66,104,0,104,11.16,91,9.76
Madera Unified,20,65243,"223,204,359","18,982.9","11,758",Unified                  ,1276,557,298,0,298,53.50,161,0,161,28.90,141,25.31
Mammoth Unified,26,73692,"13,274,183","1,137.5","11,669",Unified                  ,81,37,35,0,35,94.59,26,0,26,70.27,26,70.27
Manhattan Beach Unified,19,75333,"76,244,519","6,383.0","11,945",Unified                  ,633,326,313,1,314,96.32,287,1,288,88.34,285,87.42
Manteca Unified,39,68593,"244,552,503","22,384.5","10,925",Unified                  ,1912,688,500,0,500,72.67,311,0,311,45.20,288,41.86
Marcum-Illinois Union Elementary,51,71407,"2,115,534",149.3,"14,172",Elementary               ,139,21,19,0,19,90.48,10,0,10,47.62,10,47.62
Maricopa Unified,15,63628,"5,086,202",286.4,"17,758",Unified                  ,397,22,12,0,12,54.55,3,0,3,13.64,3,13.64
Mariposa County Unified,22,65532,"19,339,352","1,565.1","12,357",Unified                  ,100,36,31,0,31,86.11,24,0,24,66.67,23,63.89
Martinez Unified,7,61739,"42,215,022","3,982.5","10,600",Unified                  ,321,126,107,0,107,84.92,94,0,94,74.60,89,70.63
Marysville Joint Unified,58,72736,"103,835,379","9,009.7","11,525",Unified                  ,622,150,111,0,111,74.00,56,0,56,37.33,55,36.67
Mendocino Unified,23,65581,"8,017,628",471.3,"17,011",Unified                  ,54,31,28,0,28,90.32,20,0,20,64.52,19,61.29
Mendota Unified,10,75127,"33,159,964","3,246.7","10,213",Unified                  ,222,70,28,0,28,40.00,12,0,12,17.14,10,14.29
Menifee Union Elementary,33,67116,"96,328,279","9,734.5","9,896",Elementary               ,139,70,60,0,60,85.71,33,0,33,47.14,31,44.29
Merced Union High,24,65789,"120,411,735","9,886.6","12,179",High                     ,2470,892,603,0,603,67.60,339,0,339,38.00,321,35.99
Middletown Unified,17,64055,"15,543,455","1,383.0","11,239",Unified                  ,136,38,32,0,32,84.21,20,0,20,52.63,19,50.00
Milpitas Unified,43,73387,"105,122,428","10,072.3","10,437",Unified                  ,892,508,450,5,455,89.57,398,5,403,79.33,391,76.97
Modoc Joint Unified,25,73585,"8,547,131",802.5,"10,651",Unified                  ,61,15,11,0,11,73.33,8,0,8,53.33,8,53.33
Mojave Unified,15,63677,"31,764,145","2,599.4","12,220",Unified                  ,173,40,32,0,32,80.00,14,0,14,35.00,14,35.00
Monrovia Unified,19,64790,"65,698,156","5,271.2","12,464",Unified                  ,476,215,174,0,174,80.93,121,0,121,56.28,118,54.88
Montebello Unified,19,64808,"304,831,677","24,987.0","12,200",Unified                  ,2482,1899,823,0,823,43.34,413,0,413,21.75,372,19.59
Monterey Peninsula Unified,27,66092,"113,122,246","9,063.3","12,481",Unified                  ,785,388,256,0,256,65.98,172,0,172,44.33,161,41.49
Moorpark Unified,56,73940,"60,094,659","6,017.0","9,988",Unified                  ,564,215,200,0,200,93.02,155,0,155,72.09,151,70.23
Moreno Valley Unified,33,67124,"382,459,183","31,027.7","12,326",Unified                  ,2594,2172,812,0,812,37.38,348,0,348,16.02,304,14.00
Morgan Hill Unified,43,69583,"83,858,234","7,995.4","10,488",Unified                  ,692,388,329,0,329,84.79,264,0,264,68.04,255,65.72
Morongo Unified,36,67777,"94,350,599","7,982.2","11,820",Unified                  ,585,177,140,0,140,79.10,103,0,103,58.19,97,54.80
Mountain Empire Unified,37,68213,"22,334,790","1,554.1","14,371",Unified                  ,385,59,41,0,41,69.49,21,0,21,35.59,20,33.90
Mountain View-Los Altos Union High,43,69609,"83,701,897","4,093.6","20,447",High                     ,1040,632,594,2,596,94.30,558,2,560,88.61,551,87.18
Mt. Diablo Unified,7,61754,"366,514,703","29,707.5","12,337",Unified                  ,2263,790,635,1,636,80.51,488,1,489,61.90,471,59.62
Muroc Joint Unified,15,63685,"20,481,672","1,695.3","12,081",Unified                  ,111,51,40,0,40,78.43,27,0,27,52.94,26,50.98
Murrieta Valley Unified,33,75200,"228,213,079","21,995.5","10,375",Unified                  ,2074,1228,1004,1,1005,81.84,648,1,649,52.85,628,51.14
Napa Valley Unified,28,66266,"176,807,038","15,927.7","11,101",Unified                  ,1486,667,514,0,514,77.06,350,0,350,52.47,338,50.67
Natomas Unified,34,75283,"104,831,329","9,376.2","11,181",Unified                  ,1117,614,462,0,462,75.24,271,0,271,44.14,259,42.18
Needles Unified,36,67801,"11,900,514",902.8,"13,182",Unified                  ,64,22,15,0,15,68.18,7,0,7,31.82,7,31.82
Nevada Joint Union High,29,66357,"34,481,769","2,381.3","14,480",High                     ,706,251,233,0,233,92.83,181,0,181,72.11,179,71.31
New Haven Unified,1,61242,"128,926,540","11,057.2","11,660",Unified                  ,1159,483,409,1,410,84.89,319,1,320,66.25,310,64.18
New Jerusalem Elementary,39,68627,"3,225,630",22.0,"146,553",Elementary               ,578,70,53,1,54,77.14,29,1,30,42.86,30,42.86
Newark Unified,1,61234,"62,368,434","5,691.3","10,959",Unified                  ,462,203,167,0,167,82.27,107,0,107,52.71,102,50.25
Newman-Crows Landing Unified,50,73601,"33,439,764","3,020.9","11,069",Unified                  ,206,96,59,1,60,62.50,24,0,24,25.00,21,21.88
Newport-Mesa Unified,30,66597,"281,762,766","20,208.0","13,943",Unified                  ,1691,609,505,0,505,82.92,381,1,382,62.73,372,61.08
North Monterey County Unified,27,73825,"52,843,250","4,361.4","12,116",Unified                  ,352,118,72,0,72,61.02,34,0,34,28.81,31,26.27
Northern Humboldt Union High,12,62687,"18,874,310","1,382.8","13,649",High                     ,414,188,171,1,172,91.49,132,0,132,70.21,128,68.09
Norwalk-La Mirada Unified,19,64840,"214,889,189","17,163.9","12,520",Unified                  ,1335,1189,518,2,520,43.73,232,1,233,19.60,211,17.75
Novato Unified,21,65417,"84,771,103","7,283.8","11,638",Unified                  ,672,360,321,0,321,89.17,245,0,245,68.06,241,66.94
Oak Park Unified,56,73874,"42,742,731","4,411.3","9,689",Unified                  ,422,239,228,2,230,96.23,205,2,207,86.61,206,86.19
Oakdale Joint Unified,50,75564,"53,189,757","4,997.1","10,644",Unified                  ,433,136,113,0,113,83.09,79,0,79,58.09,74,54.41
Oakland Unified,1,61259,"504,800,324","34,840.9","14,489",Unified                  ,3315,2363,1176,0,1176,49.77,721,0,721,30.51,654,27.68
Oceanside Unified,37,73569,"206,363,504","16,940.9","12,181",Unified                  ,1470,491,376,2,378,76.99,293,2,295,60.08,275,56.01
Ojai Unified,56,72520,"25,211,825","2,294.9","10,986",Unified                  ,201,72,66,0,66,91.67,46,0,46,63.89,46,63.89
Orange Unified,30,66621,"276,530,475","24,783.0","11,158",Unified                  ,2310,2097,1194,1,1195,56.99,732,1,733,34.95,694,33.09
Orcutt Union Elementary,42,69260,"41,606,835","4,261.4","9,764",Elementary               ,138,76,63,0,63,82.89,47,0,47,61.84,44,57.89
Orland Joint Unified,11,75481,"22,937,549","2,122.1","10,809",Unified                  ,161,40,21,0,21,52.50,11,0,11,27.50,9,22.50
Oro Grande Elementary,36,67827,"5,184,465",96.8,"53,559",Elementary               ,612,66,41,0,41,62.12,22,0,22,33.33,20,30.30
Oroville Union High,4,61515,"24,746,702","1,941.4","12,747",High                     ,517,96,76,0,76,79.17,54,0,54,56.25,51,53.13
Oxnard Union High,56,72546,"181,624,515","15,299.0","11,872",High                     ,4190,1460,1042,0,1042,71.37,731,0,731,50.07,675,46.23
Pacific Grove Unified,27,66134,"31,257,569","1,978.5","15,798",Unified                  ,143,73,69,0,69,94.52,59,0,59,80.82,58,79.45
Pajaro Valley Unified,44,69799,"241,471,697","17,220.2","14,023",Unified                  ,1274,607,376,2,378,62.27,232,1,233,38.39,218,35.91
Palm Springs Unified,33,67173,"276,973,758","20,629.3","13,426",Unified                  ,1872,755,490,0,490,64.90,279,0,279,36.95,260,34.44
Palmdale Elementary,19,64857,"219,633,318","17,752.0","12,372",Elementary               ,355,174,126,0,126,72.41,61,0,61,35.06,60,34.48
Palo Alto Unified,43,69641,"242,777,901","11,738.4","20,682",Unified                  ,970,666,643,7,650,97.60,615,7,622,93.39,617,92.64
Palo Verde Unified,33,67181,"32,735,661","2,825.7","11,585",Unified                  ,231,59,34,0,34,57.63,17,0,17,28.81,15,25.42
Palos Verdes Peninsula Unified,19,64865,"121,294,765","10,985.3","11,042",Unified                  ,1094,588,568,1,569,96.77,531,1,532,90.48,525,89.29
Paradise Unified,4,61531,"36,369,662","3,229.4","11,262",Unified                  ,303,55,48,0,48,87.27,42,0,42,76.36,41,74.55
Paramount Unified,19,64873,"175,127,029","14,601.1","11,994",Unified                  ,1279,1205,404,0,404,33.53,190,0,190,15.77,172,14.27
Parlier Unified,10,62364,"40,881,944","3,265.3","12,520",Unified                  ,212,102,29,0,29,28.43,15,0,15,14.71,11,10.78
Pasadena Unified,19,64881,"213,394,907","16,002.7","13,335",Unified                  ,1485,609,424,0,424,69.62,278,0,278,45.65,261,42.86
Paso Robles Joint Unified,40,75457,"72,838,174","6,477.3","11,245",Unified                  ,573,208,164,0,164,78.85,120,0,120,57.69,113,54.33
Patterson Joint Unified,50,71217,"66,020,120","5,780.4","11,421",Unified                  ,491,197,131,0,131,66.50,78,0,78,39.59,70,35.53
Perris Union High,33,67207,"115,789,290","9,016.8","12,841",High                     ,2216,951,604,0,604,63.51,329,1,330,34.70,309,32.49
Piedmont City Unified,1,61275,"39,778,549","2,552.1","15,587",Unified                  ,209,134,128,0,128,95.52,119,0,119,88.81,117,87.31
Pierce Joint Unified,6,61614,"14,251,191","1,416.9","10,058",Unified                  ,107,36,20,0,20,55.56,14,0,14,38.89,13,36.11
Pittsburg Unified,7,61788,"133,625,755","10,863.8","12,300",Unified                  ,856,331,210,0,210,63.44,104,0,104,31.42,93,28.10
Placentia-Yorba Linda Unified,30,66647,"260,592,744","24,617.6","10,586",Unified                  ,2159,1061,955,4,959,90.39,853,4,857,80.77,832,78.42
Placer Union High,31,66894,"44,013,371","3,787.2","11,622",High                     ,994,489,442,0,442,90.39,359,0,359,73.42,350,71.57
Pleasanton Unified,1,75101,"152,605,107","14,415.2","10,586",Unified                  ,1259,822,787,8,795,96.72,737,8,745,90.63,736,89.54
Plumas Unified,32,66969,"25,085,207","1,698.2","14,772",Unified                  ,164,66,56,0,56,84.85,40,0,40,60.61,40,60.61
Pomona Unified,19,64907,"288,912,782","22,091.4","13,078",Unified                  ,1928,856,500,1,501,58.53,247,2,249,29.09,232,27.10
Porterville Unified,54,75523,"147,210,720","12,833.6","11,471",Unified                  ,1715,542,332,0,332,61.25,206,0,206,38.01,187,34.50
Poway Unified,37,68296,"358,868,032","35,144.5","10,211",Unified                  ,2735,1835,1723,8,1731,94.33,1536,6,1542,84.03,1512,82.40
Ramona City Unified,37,68304,"55,859,760","5,225.9","10,689",Unified                  ,442,167,144,0,144,86.23,97,0,97,58.08,94,56.29
Red Bluff Joint Union High,52,71639,"20,161,181","1,499.3","13,447",High                     ,397,82,68,0,68,82.93,51,0,51,62.20,48,58.54
Redlands Unified,36,67843,"209,224,844","19,912.4","10,507",Unified                  ,1866,1504,1064,1,1065,70.81,749,2,751,49.93,709,47.14
Redondo Beach Unified,19,75341,"93,558,221","9,525.5","9,822",Unified                  ,713,280,253,1,254,90.71,220,1,221,78.93,215,76.79
Reef-Sunset Unified,16,73932,"31,130,697","2,533.8","12,286",Unified                  ,173,92,31,0,31,33.70,16,0,16,17.39,14,15.22
Rialto Unified,36,67850,"286,565,117","24,409.0","11,740",Unified                  ,2016,1712,692,0,692,40.42,327,0,327,19.10,276,16.12
Ripon Unified,39,68650,"28,583,426","3,077.4","9,288",Unified                  ,412,124,102,1,103,83.06,71,1,72,58.06,70,56.45
River Delta Joint Unified,34,67413,"21,499,369","1,809.6","11,881",Unified                  ,140,73,51,0,51,69.86,22,0,22,30.14,22,30.14
Riverbank Unified,50,75556,"31,757,050","2,266.8","14,010",Unified                  ,202,75,41,0,41,54.67,24,0,24,32.00,20,26.67
Riverdale Joint Unified,10,75408,"19,103,901","1,532.8","12,464",Unified                  ,159,69,37,0,37,53.62,17,0,17,24.64,14,20.29
Riverside Unified,33,67215,"479,771,376","39,111.1","12,267",Unified                  ,3313,1543,1088,0,1088,70.51,739,0,739,47.89,684,44.33
Rocklin Unified,31,75085,"109,473,336","11,406.8","9,597",Unified                  ,1123,629,576,1,577,91.73,478,1,479,76.15,472,75.04
Roseville Joint Union High,31,66928,"109,516,735","9,755.9","11,226",High                     ,2614,1377,1233,4,1237,89.83,979,4,983,71.39,958,69.57
Rowland Unified,19,73452,"153,565,208","13,052.7","11,765",Unified                  ,1212,546,406,1,407,74.54,313,1,314,57.51,293,53.66
Sacramento City Unified,34,67439,"486,432,070","38,392.8","12,670",Unified                  ,3159,1510,1028,1,1029,68.15,707,1,708,46.89,656,43.44
Saddleback Valley Unified,30,73635,"270,129,024","26,232.2","10,298",Unified                  ,2464,1084,984,6,990,91.33,842,6,848,78.23,826,76.20
Saint Helena Unified,28,66290,"30,602,450","1,199.7","25,508",Unified                  ,101,58,47,0,47,81.03,31,0,31,53.45,31,53.45
Salinas Union High,27,66159,"178,663,126","14,571.7","12,261",High                     ,2605,956,616,0,616,64.44,386,0,386,40.38,357,37.34
San Benito High,35,67538,"31,407,348","2,895.6","10,847",High                     ,761,278,214,0,214,76.98,156,0,156,56.12,144,51.80
San Bernardino City Unified,36,67876,"651,483,094","46,562.2","13,992",Unified                  ,3543,1260,697,0,697,55.32,355,0,355,28.17,327,25.95
San Diego Unified,37,68338,"1,271,515,430","99,104.2","12,830",Unified                  ,9665,4974,3723,3,3726,74.91,2671,2,2673,53.74,2580,51.87
San Dieguito Union High,37,68346,"135,445,928","12,463.8","10,867",High                     ,2174,1301,1216,27,1243,95.54,1101,27,1128,86.70,1120,86.09
San Francisco Unified,38,68478,"729,813,887","50,381.9","14,486",Unified                  ,4546,2956,2247,1,2248,76.05,1957,1,1958,66.24,1807,61.13
San Gabriel Unified,19,75291,"59,791,650","5,008.4","11,938",Unified                  ,970,364,316,0,316,86.81,274,0,274,75.27,261,71.70
San Jacinto Unified,33,67249,"113,369,388","9,462.2","11,981",Unified                  ,806,317,186,0,186,58.68,96,0,96,30.28,83,26.18
San Jose Unified,43,69666,"340,998,187","28,981.7","11,766",Unified                  ,2655,2228,1431,8,1439,64.59,991,8,999,44.84,952,42.73
San Juan Unified,34,67447,"431,015,576","37,512.7","11,490",Unified                  ,4342,1360,1146,5,1151,84.63,899,4,903,66.40,872,64.12
San Leandro Unified,1,61291,"96,694,614","8,436.1","11,462",Unified                  ,785,360,245,0,245,68.06,154,0,154,42.78,142,39.44
San Lorenzo Unified,1,61309,"120,682,601","9,938.5","12,143",Unified                  ,1023,471,327,0,327,69.43,249,0,249,52.87,224,47.56
San Lorenzo Valley Unified,44,69807,"24,760,063","2,191.4","11,299",Unified                  ,282,108,97,2,99,91.67,80,2,82,75.93,80,74.07
San Luis Coastal Unified,40,68809,"88,293,090","7,175.5","12,305",Unified                  ,591,311,276,1,277,89.07,252,1,253,81.35,241,77.49
San Marcos Unified,37,73791,"211,089,616","20,109.0","10,497",Unified                  ,1493,845,723,0,723,85.56,525,0,525,62.13,514,60.83
San Marino Unified,19,64964,"39,996,967","2,987.3","13,389",Unified                  ,305,183,174,4,178,97.27,172,4,176,96.17,174,95.08
San Mateo Union High,41,69047,"149,298,247","8,393.5","17,787",High                     ,2406,1415,1275,8,1283,90.67,1107,8,1115,78.80,1087,76.82
San Rafael City High,21,65466,"34,927,415","2,483.0","14,067",High                     ,608,284,233,0,233,82.04,171,0,171,60.21,169,59.51
San Ramon Valley Unified,7,61804,"328,841,411","31,428.3","10,463",Unified                  ,2601,1630,1550,23,1573,96.50,1435,23,1458,89.45,1438,88.22
Sanger Unified,10,62414,"115,196,125","10,132.9","11,369",Unified                  ,808,371,234,0,234,63.07,125,0,125,33.69,118,31.81
Santa Ana Unified,30,66670,"616,944,655","46,710.0","13,208",Unified                  ,4070,3384,1381,4,1385,40.93,862,4,866,25.59,759,22.43
Santa Barbara Unified,42,76786,"155,574,179","12,850.0","12,107",Unified                  ,1860,875,747,0,747,85.37,630,0,630,72.00,609,69.60
Santa Clara Unified,43,69674,"248,770,335","14,717.3","16,903",Unified                  ,1118,522,460,1,461,88.31,390,1,391,74.90,377,72.22
Santa Maria Joint Union High,42,69310,"95,402,725","7,378.5","12,930",High                     ,2010,474,331,0,331,69.83,227,0,227,47.89,199,41.98
Santa Monica-Malibu Unified,19,64980,"155,650,414","10,294.2","15,120",Unified                  ,902,530,427,0,427,80.57,339,0,339,63.96,330,62.26
Santa Paula Unified,56,76828,"66,140,006","5,105.1","12,956",Unified                  ,411,164,110,0,110,67.07,69,0,69,42.07,67,40.85
Santa Ynez Valley Union High,42,69328,"10,633,864",908.0,"11,712",High                     ,239,133,117,0,117,87.97,96,0,96,72.18,91,68.42
Scott Valley Unified,47,76455,"7,738,589",632.0,"12,245",Unified                  ,57,34,32,0,32,94.12,29,0,29,85.29,28,82.35
Scotts Valley Unified,44,75432,"24,612,553","2,333.4","10,548",Unified                  ,171,90,83,0,83,92.22,68,0,68,75.56,67,74.44
Selma Unified,10,62430,"76,327,679","6,139.5","12,432",Unified                  ,477,183,110,0,110,60.11,69,0,69,37.70,61,33.33
Sequoia Union High,41,69062,"143,976,167","8,205.7","17,546",High                     ,2461,1438,1238,1,1239,86.16,1057,1,1058,73.57,1032,71.77
Shasta Union High,45,70136,"53,655,827","4,031.9","13,308",High                     ,1158,363,327,0,327,90.08,275,0,275,75.76,264,72.73
Shoreline Unified,21,73361,"13,174,761",477.8,"27,574",Unified                  ,29,20,12,0,12,60.00,7,0,7,35.00,7,35.00
Sierra Sands Unified,15,73742,"50,111,517","4,823.1","10,390",Unified                  ,355,110,99,0,99,90.00,75,0,75,68.18,74,67.27
Sierra Unified,10,75275,"15,966,163","1,200.8","13,297",Unified                  ,135,49,41,0,41,83.67,35,0,35,71.43,35,71.43
Silver Valley Unified,36,73890,"28,636,107","1,997.5","14,336",Unified                  ,78,25,23,0,23,92.00,18,0,18,72.00,18,72.00
Simi Valley Unified,56,72603,"166,206,169","15,970.4","10,407",Unified                  ,1518,502,466,0,466,92.83,377,0,377,75.10,370,73.71
Siskiyou Union High,47,70466,"8,145,279",508.2,"16,027",High                     ,134,52,48,0,48,92.31,35,0,35,67.31,34,65.38
Snowline Joint Unified,36,73957,"78,965,925","7,047.2","11,205",Unified                  ,553,204,169,0,169,82.84,135,0,135,66.18,128,62.75
Soledad Unified,27,75440,"56,357,997","4,634.2","12,161",Unified                  ,356,161,73,1,74,45.96,21,1,22,13.66,20,12.42
Sonoma Valley Unified,49,70953,"49,827,396","3,725.0","13,377",Unified                  ,312,129,97,0,97,75.19,73,0,73,56.59,70,54.26
Sonora Union High,55,72389,"12,081,331",964.7,"12,523",High                     ,251,57,54,0,54,94.74,45,0,45,78.95,45,78.95
South Monterey County Joint Union High,27,66068,"26,219,839","2,149.2","12,200",High                     ,507,143,74,0,74,51.75,34,0,34,23.78,34,23.78
South Pasadena Unified,19,65029,"48,612,678","4,643.8","10,468",Unified                  ,391,230,214,2,216,93.91,187,2,189,82.17,186,80.87
South San Francisco Unified,41,69070,"96,000,351","8,333.1","11,520",Unified                  ,720,319,255,0,255,79.94,171,0,171,53.61,158,49.53
Southern Humboldt Joint Unified,12,63040,"9,171,522",687.0,"13,349",Unified                  ,47,21,17,0,17,80.95,14,0,14,66.67,14,66.67
Southern Kern Unified,15,63776,"42,868,551","3,321.4","12,907",Unified                  ,248,38,27,0,27,71.05,14,0,14,36.84,14,36.84
Spencer Valley Elementary,37,68403,"2,628,377",36.4,"72,228",Elementary               ,306,18,14,0,14,77.78,8,0,8,44.44,8,44.44
Stockton Unified,39,68676,"425,644,603","32,923.8","12,928",Unified                  ,2559,963,567,0,567,58.88,336,0,336,34.89,305,31.67
Summerville Union High,55,72413,"6,289,598",391.0,"16,088",High                     ,228,61,53,0,53,86.89,38,0,38,62.30,37,60.66
Sutter Union High,51,71449,"7,522,999",737.3,"10,203",High                     ,186,63,50,0,50,79.37,36,0,36,57.14,34,53.97
Sweetwater Union High,37,68411,"474,701,050","37,046.9","12,814",High                     ,8078,3398,2657,1,2658,78.22,1717,0,1717,50.53,1643,48.35
Taft Union High,15,63818,"23,769,174",945.1,"25,149",High                     ,250,47,30,0,30,63.83,16,0,16,34.04,14,29.79
Tahoe-Truckee Unified,31,66944,"60,647,978","3,600.3","16,845",Unified                  ,263,152,130,1,131,86.18,93,0,93,61.18,92,60.53
Tamalpais Union High,21,65482,"83,965,986","4,562.0","18,405",High                     ,1116,522,507,0,507,97.13,434,0,434,83.14,432,82.76
Tehachapi Unified,15,63826,"41,692,206","4,137.2","10,078",Unified                  ,344,90,77,1,78,86.67,55,1,56,62.22,52,57.78
Temecula Valley Unified,33,75192,"266,975,514","26,992.7","9,891",Unified                  ,2534,1542,1325,1,1326,85.99,976,0,976,63.29,946,61.35
Temple City Unified,19,65052,"56,519,709","5,697.6","9,920",Unified                  ,548,352,326,0,326,92.61,314,2,316,89.77,306,86.93
Templeton Unified,40,68841,"23,877,711","2,265.7","10,539",Unified                  ,218,99,95,0,95,95.96,72,0,72,72.73,72,72.73
Torrance Unified,19,65060,"232,233,604","22,535.3","10,305",Unified                  ,2003,1004,893,2,895,89.14,754,1,755,75.20,734,73.11
Tracy Joint Unified,39,75499,"147,731,305","14,201.0","10,403",Unified                  ,1625,664,533,0,533,80.27,381,0,381,57.38,364,54.82
Travis Unified,48,70565,"54,296,711","5,258.4","10,326",Unified                  ,435,223,194,0,194,87.00,131,0,131,58.74,128,57.40
Trinity Alps Unified,53,76513,"9,269,783",704.2,"13,164",Unified                  ,89,30,21,0,21,70.00,17,0,17,56.67,14,46.67
Tulare Joint Union High,54,72249,"68,147,082","5,274.4","12,920",High                     ,1325,482,320,0,320,66.39,220,0,220,45.64,198,41.08
Tulelake Basin Joint Unified,25,73593,"5,724,427",367.2,"15,588",Unified                  ,33,23,10,0,10,43.48,3,0,3,13.04,3,13.04
Turlock Unified,50,75739,"142,328,712","13,406.6","10,616",Unified                  ,1194,510,384,0,384,75.29,258,0,258,50.59,243,47.65
Tustin Unified,30,73643,"241,071,049","23,185.6","10,397",Unified                  ,1875,1093,912,5,917,83.90,763,5,768,70.27,745,68.16
Twin Rivers Unified,34,76505,"316,604,318","24,589.8","12,875",Unified                  ,2762,1162,432,0,432,37.18,222,0,222,19.10,188,16.18
Ukiah Unified,23,65615,"68,447,381","5,574.7","12,278",Unified                  ,508,121,100,0,100,82.64,81,0,81,66.94,77,63.64
Upland Unified,36,75069,"114,965,358","10,355.4","11,102",Unified                  ,864,404,321,0,321,79.46,218,0,218,53.96,207,51.24
Upper Lake Unified,17,76976,"10,168,813",762.7,"13,333",Unified                  ,73,25,16,0,16,64.00,6,0,6,24.00,6,24.00
Vacaville Unified,48,70573,"115,039,998","10,849.5","10,603",Unified                  ,970,446,360,1,361,80.94,286,1,287,64.35,277,62.11
Val Verde Unified,33,75242,"216,557,916","19,355.2","11,189",Unified                  ,1590,1417,539,0,539,38.04,240,0,240,16.94,227,16.02
Vallejo City Unified,48,70581,"143,872,917","11,348.3","12,678",Unified                  ,997,369,234,0,234,63.41,127,0,127,34.42,118,31.98
Valley Center-Pauma Unified,37,75614,"45,355,894","3,775.1","12,015",Unified                  ,311,133,105,0,105,78.95,72,0,72,54.14,68,51.13
Ventura Unified,56,72652,"174,441,131","15,905.9","10,967",Unified                  ,1397,578,506,0,506,87.54,367,0,367,63.49,357,61.76
Victor Valley Union High,36,67934,"123,712,182","9,546.1","12,960",High                     ,2324,881,577,0,577,65.49,308,0,308,34.96,289,32.80
Visalia Unified,54,72256,"291,946,925","27,508.2","10,613",Unified                  ,2129,582,459,0,459,78.87,313,0,313,53.78,298,51.20
Vista Unified,37,68452,"252,230,308","20,280.9","12,437",Unified                  ,2919,779,647,0,647,83.06,467,0,467,59.95,450,57.77
Walnut Valley Unified,19,73460,"139,190,651","13,968.4","9,965",Unified                  ,1491,1107,1001,15,1016,91.78,944,15,959,86.63,930,84.01
Wasco Union High,15,63859,"20,606,774","1,740.1","11,842",High                     ,449,152,71,0,71,46.71,35,0,35,23.03,32,21.05
Washington Unified,10,76778,"33,294,087","2,438.6","13,653",Unified                  ,347,133,57,0,57,42.86,30,0,30,22.56,24,18.05
Washington Unified,10,76778,"33,294,087","2,438.6","13,653",Unified                  ,561,247,168,0,168,68.02,99,0,99,40.08,92,37.25
Washington Unified,57,72694,"87,230,453","7,391.3","11,802",Unified                  ,347,133,57,0,57,42.86,30,0,30,22.56,24,18.05
Washington Unified,57,72694,"87,230,453","7,391.3","11,802",Unified                  ,561,247,168,0,168,68.02,99,0,99,40.08,92,37.25
Waterford Unified,50,75572,"21,219,592","1,688.2","12,569",Unified                  ,309,66,51,0,51,77.27,33,0,33,50.00,33,50.00
West Contra Costa Unified,7,61796,"343,879,508","26,808.6","12,827",Unified                  ,2381,1704,782,0,782,45.89,418,1,419,24.59,381,22.36
West Covina Unified,19,65094,"108,997,445","8,543.1","12,759",Unified                  ,1075,434,329,0,329,75.81,239,0,239,55.07,224,51.61
West Sonoma County Union High,49,70607,"22,661,014","1,752.1","12,934",High                     ,476,184,174,0,174,94.57,141,0,141,76.63,140,76.09
Western Placer Unified,31,66951,"69,186,158","6,672.1","10,370",Unified                  ,745,189,154,1,155,82.01,99,1,100,52.91,98,51.85
Wheatland Union High,58,72769,"8,445,348",725.7,"11,637",High                     ,145,55,43,0,43,78.18,33,0,33,60.00,31,56.36
Whittier Union High,19,65128,"151,583,565","11,269.1","13,451",High                     ,3192,1508,1077,0,1077,71.42,731,0,731,48.47,667,44.23
William S. Hart Union High,19,65136,"225,873,882","21,522.1","10,495",High                     ,4357,1985,1779,5,1784,89.87,1367,5,1372,69.12,1348,67.91
Williams Unified,6,61622,"14,591,370","1,248.9","11,683",Unified                  ,98,39,17,0,17,43.59,6,0,6,15.38,5,12.82
Willits Unified,23,65623,"19,074,492","1,410.5","13,524",Unified                  ,140,38,26,0,26,68.42,17,0,17,44.74,17,44.74
Willows Unified,11,62661,"13,007,961","1,372.5","9,478",Unified                  ,113,32,25,0,25,78.13,15,0,15,46.88,15,46.88
Windsor Unified,49,75358,"42,600,097","3,741.4","11,386",Unified                  ,449,141,117,0,117,82.98,67,0,67,47.52,64,45.39
Winters Joint Unified,57,72702,"17,297,066","1,456.5","11,876",Unified                  ,130,48,37,0,37,77.08,24,0,24,50.00,23,47.92
Wiseburn Unified,19,76869,"26,316,486","2,440.6","10,783",Unified                  ,429,214,169,0,169,78.97,111,0,111,51.87,106,49.53
Woodlake Unified,54,76794,"25,462,900","2,042.0","12,470",Unified                  ,158,43,27,0,27,62.79,16,0,16,37.21,15,34.88
Woodland Joint Unified,57,72710,"109,900,402","9,352.1","11,751",Unified                  ,732,282,192,0,192,68.09,116,0,116,41.13,106,37.59
Yosemite Unified,20,76414,"17,989,023","1,590.2","11,312",Unified                  ,223,90,74,0,74,82.22,50,0,50,55.56,49,54.44
Yreka Union High,47,70516,"8,416,421",551.3,"15,266",High                     ,135,51,39,0,39,76.47,21,0,21,41.18,21,41.18
Yuba City Unified,51,71464,"139,372,665","11,785.6","11,826",Unified                  ,959,267,209,1,210,78.65,143,1,144,53.93,138,51.69
Yucaipa-Calimesa Joint Unified,36,67959,"87,542,068","8,006.8","10,933",Unified                  ,773,336,276,0,276,82.14,211,0,211,62.80,203,60.42
